Description,ASIN,Product URL
SWINGJUICE.COM unisex-adult Flat,B0959ZT8C4,https://www.amazon.com//gp/slredirect/picassoRedirect.html/ref=pa_sp_atf_next_aps_sr_pg2_1?ie=UTF8&adId=A09046502IE1SFZQN68F6&url=%2FSwingJuice-Retro-Adjustable-Snapback-Trucker%2Fdp%2FB0959ZT8C4%2Fref%3Dsr_1_49_sspa%3Fdchild%3D1%26keywords%3Dhats%26qid%3D1626715123%26sr%3D8-49-spons%26psc%3D1&qualifier=1626715123&id=988145814312008&widgetName=sp_atf_next
Thy Thou American Fish Flag Denim Hats for Men Embroidery Adjustable Dad Hat Trucker Baseball Cap for Outdoor Fishing Gifts,B095JZ6Q1X,https://www.amazon.com//gp/slredirect/picassoRedirect.html/ref=pa_sp_atf_next_aps_sr_pg2_1?ie=UTF8&adId=A07115721NEMN08QEDVIV&url=%2FThy-Thou-American-Adjustable-Embroidered%2Fdp%2FB095JZ6Q1X%2Fref%3Dsr_1_50_sspa%3Fdchild%3D1%26keywords%3Dhats%26qid%3D1626715123%26sr%3D8-50-spons%26psc%3D1%26smid%3DAGEF1R6PRZEES&qualifier=1626715123&id=988145814312008&widgetName=sp_atf_next
"Boticci American Flag Trucker Hat for Men Women, Adjustable Outdoor Mesh Snapback Hat",B096NKTDVY,https://www.amazon.com//gp/slredirect/picassoRedirect.html/ref=pa_sp_atf_next_aps_sr_pg2_1?ie=UTF8&adId=A02729203MZMZCO6WG984&url=%2FBoticci-American-Trucker-Adjustable-Snapback%2Fdp%2FB096NKTDVY%2Fref%3Dsr_1_51_sspa%3Fdchild%3D1%26keywords%3Dhats%26qid%3D1626715123%26sr%3D8-51-spons%26psc%3D1&qualifier=1626715123&id=988145814312008&widgetName=sp_atf_next
Lenikis Unisex Outdoor Activities UV Protecting Sun Hats with Neck Flap,B0151A6UQQ,https://www.amazon.com//gp/slredirect/picassoRedirect.html/ref=pa_sp_atf_next_aps_sr_pg2_1?ie=UTF8&adId=A01781493A2717V5TRD4F&url=%2FLenikis-Unisex-Outdoor-Activities-Protecting%2Fdp%2FB0151A6UQQ%2Fref%3Dsr_1_52_sspa%3Fdchild%3D1%26keywords%3Dhats%26qid%3D1626715123%26sr%3D8-52-spons%26psc%3D1&qualifier=1626715123&id=988145814312008&widgetName=sp_atf_next
Naicissism Fishing Men's Trucker Hat Mesh Cap - One Size Fits All Snapback Closure - Great for Hunting & Fishing,B08FT4MZX4,https://www.amazon.com//Naicissism-Fishing-Mens-Trucker-Mesh/dp/B08FT4MZX4/ref=sr_1_53?dchild=1&keywords=hats&qid=1626715123&sr=8-53
"MEINICY 3PCS Classic Baseball Cap, Dad Hat Fits Men Women, All Cotton Made, Adjustable Low Profile Unconstructed",B08SC36ZPQ,https://www.amazon.com//MEINICY-Classic-Baseball-Adjustable-Unconstructed/dp/B08SC36ZPQ/ref=sr_1_54?dchild=1&keywords=hats&qid=1626715123&sr=8-54
PUMA Women's Evercat Running Cap,B073BWS8Z6,https://www.amazon.com//PUMA-Womens-Evercat-Running-White/dp/B073BWS8Z6/ref=sr_1_55?dchild=1&keywords=hats&qid=1626715123&sr=8-55
New Era Los Angeles Dodgers Adjustable 9Fifty MLB Straight Brim Baseball Cap 950,B07CZ3DTP1,https://www.amazon.com//New-Era-Angeles-Dodgers-Snapback/dp/B07CZ3DTP1/ref=sr_1_56?dchild=1&keywords=hats&qid=1626715123&sr=8-56
Goorin Bros. Men's Animal Farm Snap Back Trucker Hat,B075QP9XB9,https://www.amazon.com//Goorin-Bros-Queen-Animal-Trucker/dp/B075QP9XB9/ref=sr_1_57?dchild=1&keywords=hats&qid=1626715123&sr=8-57
'47 Los Angeles Dodgers White Clean Up Dad Hat Adjustable Slouch Cap,B07XCHB6FM,https://www.amazon.com//47-Angeles-Dodgers-Adjustable-Slouch/dp/B07XCHB6FM/ref=sr_1_58?dchild=1&keywords=hats&qid=1626715123&sr=8-58
Tommy Hilfiger Men's Dad Hat Billy Corner Flag Cap,B077BPW44W,https://www.amazon.com//Tommy-Hilfiger-Billy-Corner-Black/dp/B077BPW44W/ref=sr_1_59?dchild=1&keywords=hats&qid=1626715123&sr=8-59
Home Prefer Outdoor UPF50+ Mesh Sun Hat Wide Brim Fishing Hat with Neck Flap,B07CPYB2PR,https://www.amazon.com//Home-Prefer-Foldable-Fishing-Protection/dp/B07CPYB2PR/ref=sr_1_60?dchild=1&keywords=hats&qid=1626715123&sr=8-60
Henschel Hats Aussie Breezer 5310 Cotton Mesh Hat,B001HLG8I4,https://www.amazon.com//Henschel-Aussie-5310-Khaki-Khaki-Medium/dp/B001HLG8I4/ref=sr_1_61?dchild=1&keywords=hats&qid=1626715123&sr=8-61
Home Prefer Mens UPF 50+ Sun Protection Cap Wide Brim Fishing Hat with Neck Flap,B01CAGGL3G,https://www.amazon.com//Home-Prefer-Adult-Protection-Fishing/dp/B01CAGGL3G/ref=sr_1_62?dchild=1&keywords=hats&qid=1626715123&sr=8-62
Oakley Men's Tincan Cap,B0133DW6WK,https://www.amazon.com//Oakley-Mens-Tincan-Carbon-X-Large/dp/B0133DW6WK/ref=sr_1_63?dchild=1&keywords=hats&qid=1626715123&sr=8-63
LCZTN UPF 50+ Sun Protection Cap Wide Brim Fishing Hat with Face & Neck Flap,B07FPNLX3J,https://www.amazon.com//LCZTN-Protection-Breathable-Removable-Boating%EF%BC%88Dark/dp/B07FPNLX3J/ref=sr_1_64?dchild=1&keywords=hats&qid=1626715123&sr=8-64
Unisex Distressed Ponytail Dad Cap for High Bun Classic Plain Cotton Baseball Cap with Ponytail Hole,B098F38HPJ,https://www.amazon.com//gp/slredirect/picassoRedirect.html/ref=pa_sp_mtf_aps_sr_pg2_1?ie=UTF8&adId=A03532392X00YAQDM4MDS&url=%2FWomens-Distressed-Ponytail-Baseball-Classic%2Fdp%2FB098F38HPJ%2Fref%3Dsr_1_65_sspa%3Fdchild%3D1%26keywords%3Dhats%26qid%3D1626715123%26sr%3D8-65-spons%26psc%3D1&qualifier=1626715123&id=988145814312008&widgetName=sp_mtf
Nike mens Baseball,B01H395DU2,https://www.amazon.com//Nike-Authentic-Dri-FIT-Profile-Adjustable/dp/B01H395DU2/ref=sr_1_66?dchild=1&keywords=hats&qid=1626715123&sr=8-66
adidas Originals Women's Mini Logo Relaxed Cap,B087MBZY2T,https://www.amazon.com//adidas-Originals-Mini-Relaxed-Color/dp/B087MBZY2T/ref=sr_1_67?dchild=1&keywords=hats&qid=1626715123&sr=8-67
adidas Mens Amplifier Stretch Fit Structured Cap,B01MSP0AVK,https://www.amazon.com//adidas-Amplifier-Stretch-Structured-Medium/dp/B01MSP0AVK/ref=sr_1_68?dchild=1&keywords=hats&qid=1626715123&sr=8-68
Lacoste Men's Embroidered Crocodile Cotton Cap,B07731843J,https://www.amazon.com//Lacoste-Mens-Small-Strapback-White/dp/B07731843J/ref=sr_1_69?dchild=1&keywords=hats&qid=1626715123&sr=8-69
Quiksilver Men's Bushmaster Sun Protection Floppy Visor Bucket Hat,B00YNNEW8G,https://www.amazon.com//Quiksilver-Bushmaster-Floppy-Khaki3-X-Large/dp/B00YNNEW8G/ref=sr_1_70?dchild=1&keywords=hats&qid=1626715123&sr=8-70
Hurley Men's One & Only Corp Flexfit Perma Curve Bill Baseball Hat,B076LD3TQK,https://www.amazon.com//Hurley-Flexfit-Perma-Curve-Baseball/dp/B076LD3TQK/ref=sr_1_71?dchild=1&keywords=hats&qid=1626715123&sr=8-71
"BROOKLYN ATHLETICS Men's Straw Sun Lifeguard Beach Hat Raffia Wide Brim, Natural, One Size",B079X4CLVV,https://www.amazon.com//Brooklyn-Surf-Lifeguard-Raffia-Natural/dp/B079X4CLVV/ref=sr_1_72?dchild=1&keywords=hats&qid=1626715123&sr=8-72
'47 Brand MLB LA Dodgers Clean Up Cap - Black,B01H5Y7K60,https://www.amazon.com//47-Brand-MLB-Dodgers-Clean/dp/B01H5Y7K60/ref=sr_1_73?dchild=1&keywords=hats&qid=1626715123&sr=8-73
ARIAT Embroidered Shield Flexfit Cap,B078TC68ZD,https://www.amazon.com//Ariat-Mens-Gray-Heather-Black/dp/B078TC68ZD/ref=sr_1_74?dchild=1&keywords=hats&qid=1626715123&sr=8-74
"3pcs Foldable Wide Brim Straw Hats Sun Visors for Women, Bow Beach Hat Summer",B08ZYQP5JN,https://www.amazon.com//Foldable-Straw-Visors-Women-Summer/dp/B08ZYQP5JN/ref=sr_1_75?dchild=1&keywords=hats&qid=1626715123&sr=8-75
Stetson Gambler Straw Cowboy Hat Wheat L/XL,B00BJOUEL6,https://www.amazon.com//Stetson-Gambler-Straw-Cowboy-Wheat/dp/B00BJOUEL6/ref=sr_1_76?dchild=1&keywords=hats&qid=1626715123&sr=8-76
Under Armour Men's Armour Twist Stretch Cap,B07PS723YY,https://www.amazon.com//Under-Armour-Stretch-Heather-XX-Large/dp/B07PS723YY/ref=sr_1_77?dchild=1&keywords=hats&qid=1626715123&sr=8-77
"American Hat Makers Florence Straw Sun Hat — Handcrafted, Lightweight",B078PSF56H,https://www.amazon.com//gp/slredirect/picassoRedirect.html/ref=pa_sp_mtf_aps_sr_pg2_1?ie=UTF8&adId=A08861542KQO2M329HTSG&url=%2FAmerican-Hat-Makers-Florence-Freedom%2Fdp%2FB078PSF56H%2Fref%3Dsr_1_78_sspa%3Fdchild%3D1%26keywords%3Dhats%26qid%3D1626715123%26sr%3D8-78-spons%26psc%3D1%26smid%3DA3MKR17K6S2XE&qualifier=1626715123&id=988145814312008&widgetName=sp_mtf
PFFY 2 Packs Baseball Cap Golf Dad Hat for Men and Women,B08ZLNLXJR,https://www.amazon.com//gp/slredirect/picassoRedirect.html/ref=pa_sp_mtf_aps_sr_pg2_1?ie=UTF8&adId=A00949633AJOIUK1BP5YY&url=%2FPFFY-Packs-Baseball-Women-Black%2Fdp%2FB08ZLNLXJR%2Fref%3Dsr_1_79_sspa%3Fdchild%3D1%26keywords%3Dhats%26qid%3D1626715123%26sr%3D8-79-spons%26psc%3D1&qualifier=1626715123&id=988145814312008&widgetName=sp_mtf
"Among Us Kids Baseball Cap, Adjustable Outdoor Sports Hat, Black Unisex Printed Embroidery Game Peripheral Cap",B08RSC77PD,https://www.amazon.com//gp/slredirect/picassoRedirect.html/ref=pa_sp_mtf_aps_sr_pg2_1?ie=UTF8&adId=A09635452N95DUTKI18MU&url=%2FBaseball-Adjustable-Outdoor-Embroidery-Peripheral%2Fdp%2FB08RSC77PD%2Fref%3Dsr_1_80_sspa%3Fdchild%3D1%26keywords%3Dhats%26qid%3D1626715123%26sr%3D8-80-spons%26psc%3D1&qualifier=1626715123&id=988145814312008&widgetName=sp_mtf
FURTALK Sun Visor Hats for Women Wide Brim Straw Roll Up Ponytail Summer Beach Hat UV UPF Packable Foldable Travel,B07NWFY1N6,https://www.amazon.com//Ponytail-Packable-FURTALK-21-6-23-6-beige/dp/B07NWFY1N6/ref=sr_1_81?dchild=1&keywords=hats&qid=1626715123&sr=8-81
Women's Foldable Floppy Reversible Travel Beach Sun Visor Hat Wide Brim UPF 50+,B013BFWHJM,https://www.amazon.com//Womens-Foldable-Floppy-Reversible-Travel/dp/B013BFWHJM/ref=sr_1_82?dchild=1&keywords=hats&qid=1626715123&sr=8-82
Los Angeles Dodgers Cleanup Adjustable Hat by '47 Brand,B0014GM8KY,https://www.amazon.com//Angeles-Dodgers-Cleanup-Adjustable-47/dp/B0014GM8KY/ref=sr_1_83?dchild=1&keywords=hats&qid=1626715123&sr=8-83
Brixton Men's Oath Iii Medium Profile Adjustable Snapback Hat,B00E0NWHQS,https://www.amazon.com//Brixton-Medium-Profile-Adjustable-Snapback/dp/B00E0NWHQS/ref=sr_1_84?dchild=1&keywords=hats&qid=1626715123&sr=8-84
O'NEILL Men's Bucket Hat,B08L497C2B,https://www.amazon.com//ONEILL-Mens-Headwear-Graphite-Wetlands/dp/B08L497C2B/ref=sr_1_85?dchild=1&keywords=hats&qid=1626715123&sr=8-85
The Hat Depot 300N Unisex 100% Cotton Packable Summer Travel Bucket Beach Sun Hat,B014V0DUME,https://www.amazon.com//Hat-Depot-Unisex-Cotton-Packable/dp/B014V0DUME/ref=sr_1_86?dchild=1&keywords=hats&qid=1626715123&sr=8-86
adidas Men's Ultimate Relaxed Cap,B07D9F42BJ,https://www.amazon.com//adidas-Ultimate-Relaxed-Adjustable-Black/dp/B07D9F42BJ/ref=sr_1_87?dchild=1&keywords=hats&qid=1626715123&sr=8-87
Sunday Afternoons Havana Hat,B00B8IG0ZM,https://www.amazon.com//Sunday-Afternoons-Havana-Large-X-Large/dp/B00B8IG0ZM/ref=sr_1_88?dchild=1&keywords=hats&qid=1626715123&sr=8-88
Under Armour Men's Launch ArmourVent Cap,B072BWJN7Q,https://www.amazon.com//Under-Armour-Launch-ArmourVent-Silver/dp/B072BWJN7Q/ref=sr_1_89?dchild=1&keywords=hats&qid=1626715123&sr=8-89
Billabong Men's Tides Straw Hat,B07ZJMM7KY,https://www.amazon.com//Billabong-Tides-Natural-One-Size/dp/B07ZJMM7KY/ref=sr_1_90?dchild=1&keywords=hats&qid=1626715123&sr=8-90
Under Armour Adult Run Shadow Cap,B07RJYWD2B,https://www.amazon.com//Under-Armour-Shadow-Black-Size/dp/B07RJYWD2B/ref=sr_1_91?dchild=1&keywords=hats&qid=1626715123&sr=8-91
2021 Flatbill Trucker Hat,B08SCGGTSQ,https://www.amazon.com//2021-Flatbill-Trucker-Hat-Navy/dp/B08SCGGTSQ/ref=sr_1_92?dchild=1&keywords=hats&qid=1626715123&sr=8-92
Vineyard Vines Men's Classic Whale Logo Baseball Hat,B0059HX4MA,https://www.amazon.com//Vineyard-Vines-Whale-Logo-Baseball/dp/B0059HX4MA/ref=sr_1_93?dchild=1&keywords=hats&qid=1626715123&sr=8-93
Verabella Women's Lightweight Foldable/Packable Beach Sun Hat w/Decorative Bow,B079VYQYKG,https://www.amazon.com//Verabella-Lightweight-Womens-Foldable-Packable/dp/B079VYQYKG/ref=sr_1_94?dchild=1&keywords=hats&qid=1626715123&sr=8-94
Bucket Hats for Women Sun Beach Hat Teens Girls Wide Brim Summer Fisherman's Caps UPF 50+,B07CPSQWYQ,https://www.amazon.com//Bucket-Cotton-Summer-Foldable-B2-ivory/dp/B07CPSQWYQ/ref=sr_1_95?dchild=1&keywords=hats&qid=1626715123&sr=8-95
Hurley One & Only Men's Hat,B07KBDVBYS,https://www.amazon.com//Hurley-Mens-Only-Black-White/dp/B07KBDVBYS/ref=sr_1_96?dchild=1&keywords=hats&qid=1626715123&sr=8-96
Columbia Schooner Bank Cachalot III,B0058YRYJ8,https://www.amazon.com//Columbia-Schooner-Bank-Cachalot-Fossil/dp/B0058YRYJ8/ref=sr_1_97?dchild=1&keywords=hats&qid=1626715123&sr=8-97
Nautica Men's Classic Logo Adjustable Baseball-Cap Hat,B00GW7MJOU,https://www.amazon.com//Nautica-Mens-Twill-6-Panel-Khaki/dp/B00GW7MJOU/ref=sr_1_98?dchild=1&keywords=hats&qid=1626715123&sr=8-98
Under Armour Men's Iso-chill ArmourVent Fitted Baseball Cap,B089KKJFBH,https://www.amazon.com//Under-Armour-Iso-Chill-Armourvent-Baseball/dp/B089KKJFBH/ref=sr_1_99?dchild=1&keywords=hats&qid=1626715123&sr=8-99
Women Sun Bucket Hat Cotton Hats Teens Girls Wide Brim Floppy Summer Beach Caps UPF 50+,B08XBG9Y7Z,https://www.amazon.com//Women-Bucket-Cotton-Floppy-Summer/dp/B08XBG9Y7Z/ref=sr_1_100?dchild=1&keywords=hats&qid=1626715123&sr=8-100
Hugo Boss Men's Logo Twill Cap,B00C3HWNTY,https://www.amazon.com//Hugo-Boss-Mens-Twill-White/dp/B00C3HWNTY/ref=sr_1_101?dchild=1&keywords=hats&qid=1626715123&sr=8-101
Oakley Indy Stretch-Fitted Cap,B083LFS1QP,https://www.amazon.com//Oakley-Indy-Stretch-Fitted-Cap/dp/B083LFS1QP/ref=sr_1_102?dchild=1&keywords=hats&qid=1626715123&sr=8-102
Women Sun Visors Wide Brim Foldable Packable Roll Up Ponytail Beach Hat Straw Visor Sun Hats,B08QV3WNTC,https://www.amazon.com//Summer-Women-Straw-Beach-Natural/dp/B08QV3WNTC/ref=sr_1_103?dchild=1&keywords=hats&qid=1626715123&sr=8-103
PUMA Men's Evercat Mesh Stretch Fit Cap,B0747H714L,https://www.amazon.com//PUMA-Evercat-Alloy-Stretch-White/dp/B0747H714L/ref=sr_1_104?dchild=1&keywords=hats&qid=1626715123&sr=8-104
8 Panel/Newsboy Gatsby Apple Full Round Cabbie Hat/Fiddler Cap for Men Women,B08HWR77PZ,https://www.amazon.com//gp/slredirect/picassoRedirect.html/ref=pa_sp_btf_aps_sr_pg2_1?ie=UTF8&adId=A08824101EP6006HNDUHP&url=%2FFiddler-Comfort-Elastic-Vintage-Houndstooth%2Fdp%2FB08HWR77PZ%2Fref%3Dsr_1_105_sspa%3Fdchild%3D1%26keywords%3Dhats%26qid%3D1626715123%26sr%3D8-105-spons%26psc%3D1&qualifier=1626715123&id=988145814312008&widgetName=sp_btf
Hurley Men's Phantom Vagabond Elite Bucket Sun Hat,B07ZPRNHN9,https://www.amazon.com//gp/slredirect/picassoRedirect.html/ref=pa_sp_btf_aps_sr_pg2_1?ie=UTF8&adId=A0859800MAKNGXX2YWDK&url=%2FHurley-Phantom-Vagabond-Elite-Bucket%2Fdp%2FB07ZPRNHN9%2Fref%3Dsr_1_106_sspa%3Fdchild%3D1%26keywords%3Dhats%26qid%3D1626715123%26sr%3D8-106-spons%26psc%3D1&qualifier=1626715123&id=988145814312008&widgetName=sp_btf
"Ansxiy Graphite Pickleball Paddles, Pro Pickleball Paddle Set of 2 Lightweight Carbon Fiber Pickleball Racket with 4 Pickleball Balls & Portable Bag Polymer Soft Non-Slip Grip",B08JTXNBCZ,https://www.amazon.com//gp/slredirect/picassoRedirect.html/ref=pa_sp_atf_next_aps_sr_pg3_1?ie=UTF8&adId=A09874282H6NNU80S0VRZ&url=%2FGraphite-Pickleball-Ansxiy-Lightweight-Honeycomb%2Fdp%2FB08JTXNBCZ%2Fref%3Dsr_1_97_sspa%3Fdchild%3D1%26keywords%3Dhats%26qid%3D1626715131%26sr%3D8-97-spons%26psc%3D1&qualifier=1626715131&id=4127567090481135&widgetName=sp_atf_next
Lenikis Unisex Outdoor Activities UV Protecting Sun Hats with Neck Flap,B011G9Y34C,https://www.amazon.com//gp/slredirect/picassoRedirect.html/ref=pa_sp_atf_next_aps_sr_pg3_1?ie=UTF8&adId=A028211921RIVKHN43FWE&url=%2FLenikis-Unisex-Outdoor-Activities-Protecting%2Fdp%2FB011G9Y34C%2Fref%3Dsr_1_98_sspa%3Fdchild%3D1%26keywords%3Dhats%26qid%3D1626715131%26sr%3D8-98-spons%26psc%3D1&qualifier=1626715131&id=4127567090481135&widgetName=sp_atf_next
"vidsel Short Fisherman Beanie for Men Women, Swag Wool Knit Cuff Trawler Skullcap,Winter Warm Hats",B08NCP4XXJ,https://www.amazon.com//gp/slredirect/picassoRedirect.html/ref=pa_sp_atf_next_aps_sr_pg3_1?ie=UTF8&adId=A00528271LRV0H3HLRUDE&url=%2FVidsel-Fisherman-Trawler-Knitted-Skullies%2Fdp%2FB08NCP4XXJ%2Fref%3Dsr_1_99_sspa%3Fdchild%3D1%26keywords%3Dhats%26qid%3D1626715131%26sr%3D8-99-spons%26psc%3D1&qualifier=1626715131&id=4127567090481135&widgetName=sp_atf_next
"YISHOW Women's Embroidered Dad Hat, Adjustable Vintage Washed Cotton Baseball Cap",B08GG1X52C,https://www.amazon.com//gp/slredirect/picassoRedirect.html/ref=pa_sp_atf_next_aps_sr_pg3_1?ie=UTF8&adId=A04580342HAUWHMB6FZYZ&url=%2FYISHOW-Embroidered-Bassball-Vintage-Fashion%2Fdp%2FB08GG1X52C%2Fref%3Dsr_1_100_sspa%3Fdchild%3D1%26keywords%3Dhats%26qid%3D1626715131%26sr%3D8-100-spons%26psc%3D1&qualifier=1626715131&id=4127567090481135&widgetName=sp_atf_next
Verabella Women's Lightweight Foldable/Packable Beach Sun Hat w/Decorative Bow,B079VYQYKG,https://www.amazon.com//Verabella-Lightweight-Womens-Foldable-Packable/dp/B079VYQYKG/ref=sr_1_101?dchild=1&keywords=hats&qid=1626715131&sr=8-101
Bucket Hats for Women Sun Beach Hat Teens Girls Wide Brim Summer Fisherman's Caps UPF 50+,B07CPSQWYQ,https://www.amazon.com//Bucket-Cotton-Summer-Foldable-B2-ivory/dp/B07CPSQWYQ/ref=sr_1_102?dchild=1&keywords=hats&qid=1626715131&sr=8-102
2021 Flatbill Trucker Hat,B08SCGGTSQ,https://www.amazon.com//2021-Flatbill-Trucker-Hat-Navy/dp/B08SCGGTSQ/ref=sr_1_103?dchild=1&keywords=hats&qid=1626715131&sr=8-103
Vineyard Vines Men's Classic Whale Logo Baseball Hat,B0059HX4MA,https://www.amazon.com//Vineyard-Vines-Whale-Logo-Baseball/dp/B0059HX4MA/ref=sr_1_104?dchild=1&keywords=hats&qid=1626715131&sr=8-104
Columbia Schooner Bank Cachalot III,B0058YRYJ8,https://www.amazon.com//Columbia-Schooner-Bank-Cachalot-Fossil/dp/B0058YRYJ8/ref=sr_1_105?dchild=1&keywords=hats&qid=1626715131&sr=8-105
Hugo Boss Men's Logo Twill Cap,B00C3HWNTY,https://www.amazon.com//Hugo-Boss-Mens-Twill-White/dp/B00C3HWNTY/ref=sr_1_106?dchild=1&keywords=hats&qid=1626715131&sr=8-106
Women Sun Bucket Hat Cotton Hats Teens Girls Wide Brim Floppy Summer Beach Caps UPF 50+,B08XBG9Y7Z,https://www.amazon.com//Women-Bucket-Cotton-Floppy-Summer/dp/B08XBG9Y7Z/ref=sr_1_107?dchild=1&keywords=hats&qid=1626715131&sr=8-107
Nautica Men's Classic Logo Adjustable Baseball-Cap Hat,B00GW7MJOU,https://www.amazon.com//Nautica-Mens-Twill-6-Panel-Khaki/dp/B00GW7MJOU/ref=sr_1_108?dchild=1&keywords=hats&qid=1626715131&sr=8-108
Under Armour Men's Iso-chill ArmourVent Fitted Baseball Cap,B089KKJFBH,https://www.amazon.com//Under-Armour-Iso-Chill-Armourvent-Baseball/dp/B089KKJFBH/ref=sr_1_109?dchild=1&keywords=hats&qid=1626715131&sr=8-109
Oakley Indy Stretch-Fitted Cap,B083LFS1QP,https://www.amazon.com//Oakley-Indy-Stretch-Fitted-Cap/dp/B083LFS1QP/ref=sr_1_110?dchild=1&keywords=hats&qid=1626715131&sr=8-110
Women Sun Visors Wide Brim Foldable Packable Roll Up Ponytail Beach Hat Straw Visor Sun Hats,B08QV3WNTC,https://www.amazon.com//Summer-Women-Straw-Beach-Natural/dp/B08QV3WNTC/ref=sr_1_111?dchild=1&keywords=hats&qid=1626715131&sr=8-111
PUMA Men's Evercat Mesh Stretch Fit Cap,B0747H714L,https://www.amazon.com//PUMA-Evercat-Alloy-Stretch-White/dp/B0747H714L/ref=sr_1_112?dchild=1&keywords=hats&qid=1626715131&sr=8-112
SWINGJUICE.COM unisex-adult Flat,B09598K27B,https://www.amazon.com//gp/slredirect/picassoRedirect.html/ref=pa_sp_mtf_aps_sr_pg3_1?ie=UTF8&adId=A09048941281CQGMSNL1O&url=%2FSwingJuice-Retro-Adjustable-Snapback-Trucker%2Fdp%2FB09598K27B%2Fref%3Dsr_1_113_sspa%3Fdchild%3D1%26keywords%3Dhats%26qid%3D1626715131%26sr%3D8-113-spons%26psc%3D1&qualifier=1626715131&id=4127567090481135&widgetName=sp_mtf
adidas Men's UPF Golf Sun Hat,B07SKLKGZ4,https://www.amazon.com//adidas-Golf-White-Large-X-Large/dp/B07SKLKGZ4/ref=sr_1_114?dchild=1&keywords=hats&qid=1626715131&sr=8-114
Home Prefer Men's Sun Hat UPF 50+ Wide Brim Bucket Hat Windproof Fishing Hats,B01CR650UO,https://www.amazon.com//Home-Prefer-Outdoor-Camouflage-Fishing/dp/B01CR650UO/ref=sr_1_115?dchild=1&keywords=hats&qid=1626715131&sr=8-115
melin Trenches Icon Hydro,B085RQGH74,https://www.amazon.com//melin-Trenches-Icon-Hydro-Navy/dp/B085RQGH74/ref=sr_1_116?dchild=1&keywords=hats&qid=1626715131&sr=8-116
O'NEILL Men's Sonoma Print Straw Hat,B00NIVAEG8,https://www.amazon.com//ONeill-Sonoma-Prints-Straw-Naturl1/dp/B00NIVAEG8/ref=sr_1_117?dchild=1&keywords=hats&qid=1626715131&sr=8-117
Flexfit Men's Cool & Dry Sport,B07P43V9NY,https://www.amazon.com//Flexfit-Mens-Sport-Black-X-Large/dp/B07P43V9NY/ref=sr_1_118?dchild=1&keywords=hats&qid=1626715131&sr=8-118
Sunday Afternoons Girls' Kids Play Hat,B01641DQ04,https://www.amazon.com//Sunday-Afternoons-Kids-Blossom-Medium/dp/B01641DQ04/ref=sr_1_119?dchild=1&keywords=hats&qid=1626715131&sr=8-119
Billabong Women's California Love Pitstop Adjustable Trucker Hat,B07NWK6458,https://www.amazon.com//Billabong-Womens-Pitstop-Trucker-Char/dp/B07NWK6458/ref=sr_1_120?dchild=1&keywords=hats&qid=1626715131&sr=8-120
San Diego Hat Company Women's Ultrabraid Visor Hat,B00283OKZ8,https://www.amazon.com//San-Diego-Hat-Company-Ultrabraid/dp/B00283OKZ8/ref=sr_1_121?dchild=1&keywords=hats&qid=1626715131&sr=8-121
Lanzom Women Wide Brim Straw Panama Roll up Hat Fedora Beach Sun Hat UPF50+,B06XYYS12C,https://www.amazon.com//Lanzom-Women-Straw-Panama-Fedora/dp/B06XYYS12C/ref=sr_1_122?dchild=1&keywords=hats&qid=1626715131&sr=8-122
adidas Originals Men's Trefoil Chain Flatbrim Snapback Cap,B00U14RDBE,https://www.amazon.com//adidas-originals-snapback-flatbrim-Black/dp/B00U14RDBE/ref=sr_1_123?dchild=1&keywords=hats&qid=1626715131&sr=8-123
"Carhartt Men's Rugged Professional Cap, Navy, OFA",B075LPQZDM,https://www.amazon.com//Carhartt-Mens-Rugged-Professional-Navy/dp/B075LPQZDM/ref=sr_1_124?dchild=1&keywords=hats&qid=1626715131&sr=8-124
Lenikis Unisex Outdoor Activities UV Protecting Sun Hats with Neck Flap,B0151A6UQQ,https://www.amazon.com//Lenikis-Unisex-Outdoor-Activities-Protecting/dp/B0151A6UQQ/ref=sr_1_125?dchild=1&keywords=hats&qid=1626715131&sr=8-125
Unisex Distressed Ponytail Dad Cap for High Bun Classic Plain Cotton Baseball Cap with Ponytail Hole,B098DZMJT5,https://www.amazon.com//gp/slredirect/picassoRedirect.html/ref=pa_sp_mtf_aps_sr_pg3_1?ie=UTF8&adId=A03533951DILCX6OP30NL&url=%2FWomens-Distressed-Ponytail-Baseball-Classic%2Fdp%2FB098DZMJT5%2Fref%3Dsr_1_126_sspa%3Fdchild%3D1%26keywords%3Dhats%26qid%3D1626715131%26sr%3D8-126-spons%26psc%3D1&qualifier=1626715131&id=4127567090481135&widgetName=sp_mtf
PFFY 2 Packs Baseball Cap Golf Dad Hat for Men and Women,B08ZLP5WRJ,https://www.amazon.com//gp/slredirect/picassoRedirect.html/ref=pa_sp_mtf_aps_sr_pg3_1?ie=UTF8&adId=A068665026VZJV4U6LGP3&url=%2FPFFY-Packs-Baseball-Women-Black%2Fdp%2FB08ZLP5WRJ%2Fref%3Dsr_1_127_sspa%3Fdchild%3D1%26keywords%3Dhats%26qid%3D1626715131%26sr%3D8-127-spons%26psc%3D1&qualifier=1626715131&id=4127567090481135&widgetName=sp_mtf
Hurley Men's Baseball Cap - AeroBill Flat-Brim Snap-Back Hat,B08GS1DG69,https://www.amazon.com//gp/slredirect/picassoRedirect.html/ref=pa_sp_mtf_aps_sr_pg3_1?ie=UTF8&adId=A096503922SAJVNBDP9KG&url=%2FHurley-Adults-Patch-Range-Adjustable%2Fdp%2FB08GS1DG69%2Fref%3Dsr_1_128_sspa%3Fdchild%3D1%26keywords%3Dhats%26qid%3D1626715131%26sr%3D8-128-spons%26psc%3D1%26smid%3DA3I9QO0UUI0R78&qualifier=1626715131&id=4127567090481135&widgetName=sp_mtf
Under Armour Men's Heathered Blitzing 3.0 Cap,B071P255NX,https://www.amazon.com//Under-Armour-Heathered-Blitzing-X-Large/dp/B071P255NX/ref=sr_1_129?dchild=1&keywords=hats&qid=1626715131&sr=8-129
"MEINICY 3PCS Plain Structured Baseball Cap, Cotton Dad Hat Fits Men Women, Adjustable Low Profile",B08SBSP5NY,https://www.amazon.com//MEINICY-Structured-Baseball-Adjustable-Profile/dp/B08SBSP5NY/ref=sr_1_130?dchild=1&keywords=hats&qid=1626715131&sr=8-130
Under Armour Men's Fish Hook 2.0 Cap,B079J4F3CX,https://www.amazon.com//Under-Armour-Outerwear-Hunter-Academy/dp/B079J4F3CX/ref=sr_1_131?dchild=1&keywords=hats&qid=1626715131&sr=8-131
Life is Good Adult Chill Cap Baseball Hat,B0784VM646,https://www.amazon.com//Life-Good-Chill-Mountains-Darkest/dp/B0784VM646/ref=sr_1_132?dchild=1&keywords=hats&qid=1626715131&sr=8-132
PUMA Evercat Icon Snapback Cap,B0747H714P,https://www.amazon.com//PUMA-Mens-Evercat-Snapback-Black/dp/B0747H714P/ref=sr_1_133?dchild=1&keywords=hats&qid=1626715131&sr=8-133
ARIAT Heather Teal Mesh Cap,B074TGYQNN,https://www.amazon.com//Ariat-Mens-Heather-Teal-Mesh/dp/B074TGYQNN/ref=sr_1_134?dchild=1&keywords=hats&qid=1626715131&sr=8-134
"prAna Embroidered Trucker Cap, Brown, One Size",B002O3Y2PA,https://www.amazon.com//prAna-Embroidered-Trucker-Brown-Size/dp/B002O3Y2PA/ref=sr_1_135?dchild=1&keywords=hats&qid=1626715131&sr=8-135
Salty Crew Bruce Straw Hat Mens,B0867J9NMR,https://www.amazon.com//Salty-Crew-Bruce-Straw-Black/dp/B0867J9NMR/ref=sr_1_136?dchild=1&keywords=hats&qid=1626715131&sr=8-136
C.C Exclusives Washed Distressed Cotton Denim Criss-Cross Ponytail Hat Baseball Cap Bundle Hair Tie (BT-780)(BT-791),B07BHWSLYL,https://www.amazon.com//C-C-Ponycap-Ponytail-Adjustable-Baseball/dp/B07BHWSLYL/ref=sr_1_137?dchild=1&keywords=hats&qid=1626715131&sr=8-137
Nike Unisex Sportswear Heritage86 Cap,B077SWWTRG,https://www.amazon.com//NIKE-Unisex-Sportswear-Heritage86-Black/dp/B077SWWTRG/ref=sr_1_138?dchild=1&keywords=hats&qid=1626715131&sr=8-138
adidas Women's Superlite Performance Visor,B076QM9NPY,https://www.amazon.com//adidas-Womens-Superlite-Performance-Visor/dp/B076QM9NPY/ref=sr_1_139?dchild=1&keywords=hats&qid=1626715131&sr=8-139
Uphily unisex-adult mens Baseball,B08612XZZ5,https://www.amazon.com//American-Baseball-Profile-Patriotic-Snapback/dp/B08612XZZ5/ref=sr_1_140?dchild=1&keywords=hats&qid=1626715131&sr=8-140
Roxy Womens Roxy Incognito Trucker Hat For Women Erjha03614,B07R7BCMZ4,https://www.amazon.com//Roxy-Juniors-Incognito-Cap-Marshmallow/dp/B07R7BCMZ4/ref=sr_1_141?dchild=1&keywords=hats&qid=1626715131&sr=8-141
RVCA Men's Curved Bill Snapback Mesh Trucker Hat,B07XPS9SL7,https://www.amazon.com//RVCA-Mens-Curve-Bill-Heather/dp/B07XPS9SL7/ref=sr_1_142?dchild=1&keywords=hats&qid=1626715131&sr=8-142
Roxy Women's Truckin,B01N0OE9NY,https://www.amazon.com//Roxy-Womens-Truckin-Trucker-Anthracite/dp/B01N0OE9NY/ref=sr_1_143?dchild=1&keywords=hats&qid=1626715131&sr=8-143
Sunday Afternoons Women's Sunset Hat,B08R19F32F,https://www.amazon.com//Sunday-Afternoons-Womens-Standard-Sunset/dp/B08R19F32F/ref=sr_1_144?dchild=1&keywords=hats&qid=1626715131&sr=8-144
adidas Men's Superlite Performance Visor,B0748VWDPF,https://www.amazon.com//adidas-Superlite-Performance-Visor-Black/dp/B0748VWDPF/ref=sr_1_145?dchild=1&keywords=hats&qid=1626715131&sr=8-145
Comhats Womens Floppy Summer Sun Beach Straw Hat UPF50 Foldable Wide Brim 55-60cm,B07QPX1R2R,https://www.amazon.com//Summer-Ladies-Accessories-Fashions-Packable/dp/B07QPX1R2R/ref=sr_1_146?dchild=1&keywords=hats&qid=1626715131&sr=8-146
PUMA Women's Evercat Opal Adjustable Cap,B082LN5RBC,https://www.amazon.com//PUMA-Womens-Baseball-Cap-Black/dp/B082LN5RBC/ref=sr_1_147?dchild=1&keywords=hats&qid=1626715131&sr=8-147
"Super Wide Brim Men Fishing Sun Hats, Garden Outdoor Travel Women Bucket Cap, Hiking Safari Boonie Hat",B07QF6H5RX,https://www.amazon.com//Protection-Outdoor-Waterproof-Breathable-Packable/dp/B07QF6H5RX/ref=sr_1_148?dchild=1&keywords=hats&qid=1626715131&sr=8-148
RVCA Men's Adjustable Snapback Mesh Trucker Hat,B082G3DJJM,https://www.amazon.com//RVCA-Mens-Bangladesh-Black-White/dp/B082G3DJJM/ref=sr_1_149?dchild=1&keywords=hats&qid=1626715131&sr=8-149
Ordenado Waterproof Sun Hat Outdoor UV Protection Bucket Mesh Boonie Hat Adjustable Fishing Cap,B073QLKWP6,https://www.amazon.com//Waterproof-Outdoor-Protection-Adjustable-Fishing/dp/B073QLKWP6/ref=sr_1_150?dchild=1&keywords=hats&qid=1626715131&sr=8-150
Oakley Men's Si Cap,B012HAVCJ8,https://www.amazon.com//Oakley-Mens-Cap-Coyote-X-Large/dp/B012HAVCJ8/ref=sr_1_151?dchild=1&keywords=hats&qid=1626715131&sr=8-151
John Deere NCAA mens Logo Mesh Back Core Baseball Cap,B079F5W7XP,https://www.amazon.com//John-Deere-Service-Equipment-Snapback/dp/B079F5W7XP/ref=sr_1_152?dchild=1&keywords=hats&qid=1626715131&sr=8-152
Miller Lite Basic Beer Snap Back Trucker Cap - Officially Licensed Stitched Logo Mesh Back Hat Navy/White,B08YBZ7RY8,https://www.amazon.com//gp/slredirect/picassoRedirect.html/ref=pa_sp_btf_aps_sr_pg3_1?ie=UTF8&adId=A082392189ADK44VRGF6&url=%2FMiller-Lite-Basic-Beer-Trucker%2Fdp%2FB08YBZ7RY8%2Fref%3Dsr_1_153_sspa%3Fdchild%3D1%26keywords%3Dhats%26qid%3D1626715131%26sr%3D8-153-spons%26psc%3D1&qualifier=1626715131&id=4127567090481135&widgetName=sp_btf
"GearTOP Fishing Hat Outdoor Sun Protection Hats for Men & Women, Boonie Hat - Discoverer Series…",B08B9DTQ3J,https://www.amazon.com//gp/slredirect/picassoRedirect.html/ref=pa_sp_btf_aps_sr_pg3_1?ie=UTF8&adId=A0699679K1POB8KYPA2O&url=%2FGearTOP-Fishing-Outdoor-Protection-Boonie%2Fdp%2FB08B9DTQ3J%2Fref%3Dsr_1_154_sspa%3Fdchild%3D1%26keywords%3Dhats%26qid%3D1626715131%26sr%3D8-154-spons%26psc%3D1&qualifier=1626715131&id=4127567090481135&widgetName=sp_btf
Lenikis Unisex Outdoor Activities UV Protecting Sun Hats with Neck Flap,B011G9XZLE,https://www.amazon.com//gp/slredirect/picassoRedirect.html/ref=pa_sp_atf_next_aps_sr_pg4_1?ie=UTF8&adId=A02822193D937PX98OQV0&url=%2FLenikis-Unisex-Outdoor-Activities-Protecting%2Fdp%2FB011G9XZLE%2Fref%3Dsr_1_145_sspa%3Fdchild%3D1%26keywords%3Dhats%26qid%3D1626715138%26sr%3D8-145-spons%26psc%3D1&qualifier=1626715138&id=23330030213930&widgetName=sp_atf_next
"Made Here Classic Dad Hat, Men/Women",B08B9NR4SZ,https://www.amazon.com//gp/slredirect/picassoRedirect.html/ref=pa_sp_atf_next_aps_sr_pg4_1?ie=UTF8&adId=A0371331SQ3FRWFXCNHL&url=%2FMade-Here-Soaring-Eagle-Women%2Fdp%2FB08B9NR4SZ%2Fref%3Dsr_1_146_sspa%3Fdchild%3D1%26keywords%3Dhats%26qid%3D1626715138%26sr%3D8-146-spons%26psc%3D1&qualifier=1626715138&id=23330030213930&widgetName=sp_atf_next
FIELD GRADE Skylab NASA Hat with Special Edition Patch,B072QL517Z,https://www.amazon.com//gp/slredirect/picassoRedirect.html/ref=pa_sp_atf_next_aps_sr_pg4_1?ie=UTF8&adId=A00809531GW33TZFQ4R06&url=%2FFIELD-GRADE-Anniversary-Patch-Distressed%2Fdp%2FB072QL517Z%2Fref%3Dsr_1_147_sspa%3Fdchild%3D1%26keywords%3Dhats%26qid%3D1626715138%26sr%3D8-147-spons%26psc%3D1&qualifier=1626715138&id=23330030213930&widgetName=sp_atf_next
"YISHOW Women's Embroidered Dad Hat, Adjustable Vintage Washed Cotton Baseball Cap",B08GG1ZLG7,https://www.amazon.com//gp/slredirect/picassoRedirect.html/ref=pa_sp_atf_next_aps_sr_pg4_1?ie=UTF8&adId=A04579785XC4AW0NZI0S&url=%2FYISHOW-Embroidered-Bassball-Estate-Customized%2Fdp%2FB08GG1ZLG7%2Fref%3Dsr_1_148_sspa%3Fdchild%3D1%26keywords%3Dhats%26qid%3D1626715138%26sr%3D8-148-spons%26psc%3D1&qualifier=1626715138&id=23330030213930&widgetName=sp_atf_next
Brixton Men's Rival Medium Profile Adjustable Snapback Hat,B00I3S7T2S,https://www.amazon.com//Brixton-Medium-Profile-Adjustable-Snapback/dp/B00I3S7T2S/ref=sr_1_149?dchild=1&keywords=hats&qid=1626715138&sr=8-149
Comhats Womens Floppy Summer Sun Beach Straw Hat UPF50 Foldable Wide Brim 55-60cm,B07QPX1R2R,https://www.amazon.com//Summer-Ladies-Accessories-Fashions-Packable/dp/B07QPX1R2R/ref=sr_1_150?dchild=1&keywords=hats&qid=1626715138&sr=8-150
adidas Men's Decision Cap,B07RMBWQK6,https://www.amazon.com//adidas-Release-Stretch-Structured-Black/dp/B07RMBWQK6/ref=sr_1_151?dchild=1&keywords=hats&qid=1626715138&sr=8-151
"Super Wide Brim Men Fishing Sun Hats, Garden Outdoor Travel Women Bucket Cap, Hiking Safari Boonie Hat",B07QF6H5RX,https://www.amazon.com//Protection-Outdoor-Waterproof-Breathable-Packable/dp/B07QF6H5RX/ref=sr_1_152?dchild=1&keywords=hats&qid=1626715138&sr=8-152
RVCA Men's Adjustable Snapback Hat,B012PJK5SA,https://www.amazon.com//RVCA-Commonwealth-Snapback-Black-White/dp/B012PJK5SA/ref=sr_1_153?dchild=1&keywords=hats&qid=1626715138&sr=8-153
Quiksilver Men's Jettyside Hat,B07S35TG62,https://www.amazon.com//QUIKSILVER-Mens-JETTYSIDE-HAT-Natural/dp/B07S35TG62/ref=sr_1_154?dchild=1&keywords=hats&qid=1626715138&sr=8-154
Billabong Women's Tipton Sun Hat,B093ZRTGWN,https://www.amazon.com//Billabong-Womens-Tipton-Black-Army/dp/B093ZRTGWN/ref=sr_1_155?dchild=1&keywords=hats&qid=1626715138&sr=8-155
Lanzom Womens Classic Wide Brim Floppy Panama Hat Belt Buckle Wool Fedora Hat,B07RXW9J75,https://www.amazon.com//Lanzom-Womens-Classic-Floppy-Panama/dp/B07RXW9J75/ref=sr_1_156?dchild=1&keywords=hats&qid=1626715138&sr=8-156
"Women's Wide Brim Sun Protection Straw Hat,Folable Floppy Hat,Summer UV Protection Beach Cap",B07PY9713W,https://www.amazon.com//Womens-Folable-Floppy-Protection-C1-F-Beige/dp/B07PY9713W/ref=sr_1_157?dchild=1&keywords=hats&qid=1626715138&sr=8-157
Under Armour Women's Threadborne Fly by Cap,B0725RF1L4,https://www.amazon.com//Under-Armour-Womens-Microthread-Silver/dp/B0725RF1L4/ref=sr_1_158?dchild=1&keywords=hats&qid=1626715138&sr=8-158
Lisianthus Women Belt Buckle Fedora Hat,B0716JJGQW,https://www.amazon.com//Lisianthus-Women-Buckle-Fedora-Dark-Camel/dp/B0716JJGQW/ref=sr_1_159?dchild=1&keywords=hats&qid=1626715138&sr=8-159
ARIAT Men's Leather Logo Patch Flexfit Cap,B07MTLNTCK,https://www.amazon.com//ARIAT-Leather-Patch-Flexfit-Heather/dp/B07MTLNTCK/ref=sr_1_160?dchild=1&keywords=hats&qid=1626715138&sr=8-160
SWINGJUICE.COM unisex-adult Flat,B0959JKD4Q,https://www.amazon.com//gp/slredirect/picassoRedirect.html/ref=pa_sp_mtf_aps_sr_pg4_1?ie=UTF8&adId=A09042141IXFJC4YK80EP&url=%2FSwingJuice-Retro-Adjustable-Snapback-Trucker%2Fdp%2FB0959JKD4Q%2Fref%3Dsr_1_161_sspa%3Fdchild%3D1%26keywords%3Dhats%26qid%3D1626715138%26sr%3D8-161-spons%26psc%3D1&qualifier=1626715138&id=23330030213930&widgetName=sp_mtf
Unisex Distressed Ponytail Dad Cap for High Bun Classic Plain Cotton Baseball Cap with Ponytail Hole,B098F634F9,https://www.amazon.com//gp/slredirect/picassoRedirect.html/ref=pa_sp_mtf_aps_sr_pg4_1?ie=UTF8&adId=A03530832WCPZSYRJNLKQ&url=%2FWomens-Distressed-Ponytail-Baseball-Classic%2Fdp%2FB098F634F9%2Fref%3Dsr_1_162_sspa%3Fdchild%3D1%26keywords%3Dhats%26qid%3D1626715138%26sr%3D8-162-spons%26psc%3D1&qualifier=1626715138&id=23330030213930&widgetName=sp_mtf
ARIAT Men's Black Blue Half Mesh Hat,B00IIV9OQY,https://www.amazon.com//ARIAT-Mens-Black-Large-X-Large/dp/B00IIV9OQY/ref=sr_1_163?dchild=1&keywords=hats&qid=1626715138&sr=8-163
ARIAT Men's Aztec Black Flat Bill Cap,B06XPWBQBT,https://www.amazon.com//Ariat-Mens-Aztec-Black-Flat/dp/B06XPWBQBT/ref=sr_1_164?dchild=1&keywords=hats&qid=1626715138&sr=8-164
"ARIAT Men's Shield Flag Center Patch Mesh Cap, Blue, One Size",B078TC45TW,https://www.amazon.com//Ariat-Mens-Shield-Center-Patch/dp/B078TC45TW/ref=sr_1_165?dchild=1&keywords=hats&qid=1626715138&sr=8-165
"2PCS Wide Brim Sun Visor Hat Women Large UV Protective Golf Beach Cap, Korea Design",B08VFP1BQL,https://www.amazon.com//Visor-Women-Large-Protective-Design/dp/B08VFP1BQL/ref=sr_1_166?dchild=1&keywords=hats&qid=1626715138&sr=8-166
Tommy Hilfiger Men's Ardin Dad Hat,B076K81QZR,https://www.amazon.com//Tommy-Hilfiger-Mens-Ardin-White/dp/B076K81QZR/ref=sr_1_167?dchild=1&keywords=hats&qid=1626715138&sr=8-167
Nike Aerobill Featherlight Dri-Fit White Unisex Running Tennis Cap CI2662-100,B0893FXSP5,https://www.amazon.com//Nike-Aerobill-Featherlight-Dri-Fit-CI2662-100/dp/B0893FXSP5/ref=sr_1_168?dchild=1&keywords=hats&qid=1626715138&sr=8-168
Under Armour Men's CoolSwitch ArmourVent 2.0 Hat,B01GQGUYW0,https://www.amazon.com//Under-Armour-CoolSwitch-ArmourVent-X-Large/dp/B01GQGUYW0/ref=sr_1_169?dchild=1&keywords=hats&qid=1626715138&sr=8-169
Womens Sun Straw Hat Wide Brim UPF 50 Summer Hat Foldable Roll up Floppy Beach Hats for Women,B07CWS9HJ3,https://www.amazon.com//FURTALK-Women-Summer-Bucket-Foldable/dp/B07CWS9HJ3/ref=sr_1_170?dchild=1&keywords=hats&qid=1626715138&sr=8-170
Sunday Afternoons Women's Sol Seeker,B01J5J0EUC,https://www.amazon.com//Sunday-Afternoons-Womens-Seeker-Agate/dp/B01J5J0EUC/ref=sr_1_171?dchild=1&keywords=hats&qid=1626715138&sr=8-171
Flexfit Men's Trucker Mesh Multicam,B073DWQGTP,https://www.amazon.com//Flexfit-Yupoong-Mens-Stretch-Fitted/dp/B073DWQGTP/ref=sr_1_172?dchild=1&keywords=hats&qid=1626715138&sr=8-172
Under Armour Men's Launch Run Hat,B089KJCN6G,https://www.amazon.com//Under-Armour-Launch-Circuit-Reflective/dp/B089KJCN6G/ref=sr_1_173?dchild=1&keywords=hats&qid=1626715138&sr=8-173
adidas Originals Beacon II Precurve Light Pink Snapback Hat,B08CHNQV37,https://www.amazon.com//adidas-Originals-Beacon-Pre-Curved-Light/dp/B08CHNQV37/ref=sr_1_174?dchild=1&keywords=hats&qid=1626715138&sr=8-174
elope The Clucker Hat,B000CNF3U2,https://www.amazon.com//gp/slredirect/picassoRedirect.html/ref=pa_sp_mtf_aps_sr_pg4_1?ie=UTF8&adId=A09814443UF9R1IKFV3WO&url=%2Felope-250510-The-Clucker%2Fdp%2FB000CNF3U2%2Fref%3Dsr_1_175_sspa%3Fdchild%3D1%26keywords%3Dhats%26qid%3D1626715138%26sr%3D8-175-spons%26psc%3D1&qualifier=1626715138&id=23330030213930&widgetName=sp_mtf
8 Panel/Newsboy Gatsby Apple Full Round Cabbie Hat/Fiddler Cap for Men Women,B08J2SW12J,https://www.amazon.com//gp/slredirect/picassoRedirect.html/ref=pa_sp_mtf_aps_sr_pg4_1?ie=UTF8&adId=A01699772MPL43UJPBVHK&url=%2FFiddler-Comfort-Elastic-Vintage-Classic%2Fdp%2FB08J2SW12J%2Fref%3Dsr_1_176_sspa%3Fdchild%3D1%26keywords%3Dhats%26qid%3D1626715138%26sr%3D8-176-spons%26psc%3D1&qualifier=1626715138&id=23330030213930&widgetName=sp_mtf
"Carigellia Fruit Unisex Bucket Hat for Women Men with Two Neck Gaiter,Travel Beach Sun Hat for Summer,Trendy Fishing Hats",B0974C7694,https://www.amazon.com//gp/slredirect/picassoRedirect.html/ref=pa_sp_mtf_aps_sr_pg4_1?ie=UTF8&adId=A04230562T9W7Z8C3VRLE&url=%2FCarigellia-Unisex-Bucket-Gaiter-Fishing%2Fdp%2FB0974C7694%2Fref%3Dsr_1_177_sspa%3Fdchild%3D1%26keywords%3Dhats%26qid%3D1626715138%26sr%3D8-177-spons%26psc%3D1&qualifier=1626715138&id=23330030213930&widgetName=sp_mtf
FURTALK Sun Hats for Women Summer Wide Brim UV UPF 50+ Panama Fedora Foldable Packable Straw Beach Hat,B0852H3Z44,https://www.amazon.com//FURTALK-Summer-Panama-Foldable-Packable/dp/B0852H3Z44/ref=sr_1_178?dchild=1&keywords=hats&qid=1626715138&sr=8-178
Lacoste Men's Sport Gabardine and Mesh Tennis Cap,B009PO07A0,https://www.amazon.com//Lacoste-Sport-Gabardine-Tennis-White/dp/B009PO07A0/ref=sr_1_179?dchild=1&keywords=hats&qid=1626715138&sr=8-179
Outdoor Research Towers Trucker Cap,B078XY5C3K,https://www.amazon.com//Outdoor-Research-Towers-Trucker-1size/dp/B078XY5C3K/ref=sr_1_180?dchild=1&keywords=hats&qid=1626715138&sr=8-180
"Hurley Men's Baseball Cap - Phantom Advance Stretch Fitted Hat, UPF 50",B08L5FR4N8,https://www.amazon.com//Hurley-Mens-Baseball-Cap-Phantom/dp/B08L5FR4N8/ref=sr_1_181?dchild=1&keywords=hats&qid=1626715138&sr=8-181
"Tilley Endurables LTM3 Airflo Hat,Khaki/Olive,7.625",B000E9C12M,https://www.amazon.com//Tilley-Endurables-LTM3-Airflo-Khaki/dp/B000E9C12M/ref=sr_1_182?dchild=1&keywords=hats&qid=1626715138&sr=8-182
Under Armour Men's Curved Brim Stretch Fit Hat,B01FERRP74,https://www.amazon.com//Under-Armour-Curved-Stretch-Graphite/dp/B01FERRP74/ref=sr_1_183?dchild=1&keywords=hats&qid=1626715138&sr=8-183
Carhartt Men's Rugged Professional Cap,B07M5M38KG,https://www.amazon.com//Carhartt-Mens-Rugged-Professional-Khaki/dp/B07M5M38KG/ref=sr_1_184?dchild=1&keywords=hats&qid=1626715138&sr=8-184
Costa Del Mar Bass Trucker Hat,B007IS8ZJ0,https://www.amazon.com//Costa-Del-Mar-Trucker-X-Large/dp/B007IS8ZJ0/ref=sr_1_185?dchild=1&keywords=hats&qid=1626715138&sr=8-185
ARIAT Men's RWB Shield Logo Flexfit110 Snapback Cap,B07NXVCB6K,https://www.amazon.com//ARIAT-Shield-Flexfit110-Snapback-Heather/dp/B07NXVCB6K/ref=sr_1_186?dchild=1&keywords=hats&qid=1626715138&sr=8-186
Hurley Men's One And Only Black Flexfit Hat,B003TOEI9S,https://www.amazon.com//Hurley-Flexfit-Black-Large-X-Large/dp/B003TOEI9S/ref=sr_1_187?dchild=1&keywords=hats&qid=1626715138&sr=8-187
Sunday Afternoons Artist Series Cooling Trucker,B085DT8YR4,https://www.amazon.com//Sunday-Afternoons-Unisex-Adult-Cooling-Trucker/dp/B085DT8YR4/ref=sr_1_188?dchild=1&keywords=hats&qid=1626715138&sr=8-188
"Lightbird 3PCS Baseball Caps & Cute Embroidery Patches Bundle, Make Your Different Dad Hats, Low Prolife, Washed Cotton",B08V8GXGB3,https://www.amazon.com//Lightbird-Baseball-Embroidery-Patches-Different/dp/B08V8GXGB3/ref=sr_1_189?dchild=1&keywords=hats&qid=1626715138&sr=8-189
ARIAT Women's Cactus Logo Snapback Cap,B078TBTHNH,https://www.amazon.com//ARIAT-Womens-Offset-Cactus-Mesh/dp/B078TBTHNH/ref=sr_1_190?dchild=1&keywords=hats&qid=1626715138&sr=8-190
Hurley One & Only Men's Hat,B07KBDVBYS,https://www.amazon.com//Hurley-Mens-Only-Black-White/dp/B07KBDVBYS/ref=sr_1_191?dchild=1&keywords=hats&qid=1626715138&sr=8-191
"adidas Originals Women's Relaxed Tie Dye Strapback Cap, Black/White, ONE SIZE",B07D9HXXKB,https://www.amazon.com//adidas-Originals-Relaxed-Adjustable-Strapback/dp/B07D9HXXKB/ref=sr_1_192?dchild=1&keywords=hats&qid=1626715138&sr=8-192
Sunday Afternoons Emma Hat,B08WHW7F22,https://www.amazon.com//Sunday-Afternoons-Womens-Standard-Cornflower/dp/B08WHW7F22/ref=sr_1_193?dchild=1&keywords=hats&qid=1626715138&sr=8-193
HUK Men's Trucker Anti-Glare Fishing Snapback Hat,B08BJT7YNN,https://www.amazon.com//HUK-Trucker-Anti-Glare-Fishing-Topo/dp/B08BJT7YNN/ref=sr_1_194?dchild=1&keywords=hats&qid=1626715138&sr=8-194
Volcom Men's Full Stone Cheese Hat,B017JFRRH2,https://www.amazon.com//Volcom-Stone-Cheese-Charcoal-Heather/dp/B017JFRRH2/ref=sr_1_195?dchild=1&keywords=hats&qid=1626715138&sr=8-195
Kimes Ranch Men's Weekly Trucker Cap,B072QZQFZY,https://www.amazon.com//Kimes-Ranch-Trucker-Charcoal-Snapback/dp/B072QZQFZY/ref=sr_1_196?dchild=1&keywords=hats&qid=1626715138&sr=8-196
Roxy Finishline Hat,B07STLWWNP,https://www.amazon.com//Roxy-Juniors-Finishline-Trucker-Anthracite/dp/B07STLWWNP/ref=sr_1_197?dchild=1&keywords=hats&qid=1626715138&sr=8-197
Chaos Edward Cadet Hat,B008737SHK,https://www.amazon.com//Chaos-Womens-Diesel-Cadet-Heather/dp/B008737SHK/ref=sr_1_198?dchild=1&keywords=hats&qid=1626715138&sr=8-198
Roxy Women's Next Level Baseball Hat,B07SRK91P7,https://www.amazon.com//Roxy-ERJHA03690-Next-Level-Trucker/dp/B07SRK91P7/ref=sr_1_199?dchild=1&keywords=hats&qid=1626715138&sr=8-199
ARIAT Mens Sport Patriot Ball Cap,B076MDP4LL,https://www.amazon.com//Ariat-Patriot-Fabric-Multi-Color/dp/B076MDP4LL/ref=sr_1_200?dchild=1&keywords=hats&qid=1626715138&sr=8-200
Ariat Men's Black Red Gray Mesh Hat,B00PCUP3FK,https://www.amazon.com//Ariat-Mens-Gray-Mesh-Black/dp/B00PCUP3FK/ref=sr_1_201?dchild=1&keywords=hats&qid=1626715138&sr=8-201
yqtyqs Hippo Hat for Adults KidsBirthday Gift,B07VY6T72S,https://www.amazon.com//gp/slredirect/picassoRedirect.html/ref=pa_sp_btf_aps_sr_pg4_1?ie=UTF8&adId=A09540673IP2INZ16R3JX&url=%2Fyqtyqs-Hippopotamus-Animal-Costume-Accessories%2Fdp%2FB07VY6T72S%2Fref%3Dsr_1_202_sspa%3Fdchild%3D1%26keywords%3Dhats%26qid%3D1626715138%26sr%3D8-202-spons%26psc%3D1&qualifier=1626715138&id=23330030213930&widgetName=sp_btf
Timberland Men's Baseball Cap,B07KKZLDCR,https://www.amazon.com//gp/slredirect/picassoRedirect.html/ref=pa_sp_btf_aps_sr_pg4_1?ie=UTF8&adId=A0725337ZIR3GZ5YVXES&url=%2FTimberland-Mens-Baseball-Picket-Fence%2Fdp%2FB07KKZLDCR%2Fref%3Dsr_1_203_sspa%3Fdchild%3D1%26keywords%3Dhats%26qid%3D1626715138%26sr%3D8-203-spons%26psc%3D1&qualifier=1626715138&id=23330030213930&widgetName=sp_btf
KOOLSOLY Breathable Wide Brim Boonie Hat Outdoor Waterproof UPF 50+ Sun Protection Mesh Safari Sun hat for Travel Fishing,B07TJR2KJ9,https://www.amazon.com//gp/slredirect/picassoRedirect.html/ref=pa_sp_atf_next_aps_sr_pg5_1?ie=UTF8&adId=A00967521HUUX9U1X5ZVT&url=%2FKOOLSOLY-Breathable-Outdoor-Waterproof-Protection%2Fdp%2FB07TJR2KJ9%2Fref%3Dsr_1_193_sspa%3Fdchild%3D1%26keywords%3Dhats%26qid%3D1626715181%26sr%3D8-193-spons%26psc%3D1&qualifier=1626715181&id=4596222771205517&widgetName=sp_atf_next
Lenikis Kids Sun Hats UPF 50+ Sun Protection Hat Summer Wide Brim Bucket Hat Adjustable Strap Toddler Sun Hat,B088M28F71,https://www.amazon.com//gp/slredirect/picassoRedirect.html/ref=pa_sp_atf_next_aps_sr_pg5_1?ie=UTF8&adId=A09984572HAUB4DYE0BJJ&url=%2FHats-Toddler-Protecting-Outdoor-Activities%2Fdp%2FB088M28F71%2Fref%3Dsr_1_194_sspa%3Fdchild%3D1%26keywords%3Dhats%26qid%3D1626715181%26sr%3D8-194-spons%26psc%3D1&qualifier=1626715181&id=4596222771205517&widgetName=sp_atf_next
Pink Magenta Pussycat Hat Enamel Pin (1 Pin),B085CN8GK2,https://www.amazon.com//gp/slredirect/picassoRedirect.html/ref=pa_sp_atf_next_aps_sr_pg5_1?ie=UTF8&adId=A01959812R7C9DUKSB9VS&url=%2FWIZARDPINS-Pink-Magenta-Pussycat-Enamel%2Fdp%2FB085CN8GK2%2Fref%3Dsr_1_195_sspa%3Fdchild%3D1%26keywords%3Dhats%26qid%3D1626715181%26sr%3D8-195-spons%26psc%3D1&qualifier=1626715181&id=4596222771205517&widgetName=sp_atf_next
Antvinoler I Love My Chickens Unisex Adjustable Cotton Denim Hat Washed Retro Gym Hat Baseball Cap Hat Black,B08CZNT2JC,https://www.amazon.com//gp/slredirect/picassoRedirect.html/ref=pa_sp_atf_next_aps_sr_pg5_1?ie=UTF8&adId=A05005942Y659XN1DXKWR&url=%2FAntvinoler-Chickens-Unisex-Adjustable-Baseball%2Fdp%2FB08CZNT2JC%2Fref%3Dsr_1_196_sspa%3Fdchild%3D1%26keywords%3Dhats%26qid%3D1626715181%26sr%3D8-196-spons%26psc%3D1%26smid%3DA3EKQCTZJJWCIM&qualifier=1626715181&id=4596222771205517&widgetName=sp_atf_next
Roxy Women's Soulrocker Trucker Hat,B08MTJQSGT,https://www.amazon.com//Roxy-Women-Soulrocker-Trucker-Hat/dp/B08MTJQSGT/ref=sr_1_197?dchild=1&keywords=hats&qid=1626715181&sr=8-197
adidas Women's Adizero Sequence Cap,B006RK3FLS,https://www.amazon.com//adidas-Womens-Adizero-Sequence-Cap/dp/B006RK3FLS/ref=sr_1_198?dchild=1&keywords=hats&qid=1626715181&sr=8-198
Billabong Men's Big John Safari Sun Protection Hat with Chin Strap,B07XMJNN5S,https://www.amazon.com//Billabong-Mens-John-Safari-Black/dp/B07XMJNN5S/ref=sr_1_199?dchild=1&keywords=hats&qid=1626715181&sr=8-199
ARIAT Men's Solid Black Corner Logo,B01EU1LOWC,https://www.amazon.com//Ariat-Mens-Solid-Black-Corner/dp/B01EU1LOWC/ref=sr_1_200?dchild=1&keywords=hats&qid=1626715181&sr=8-200
Carhartt Men's Knit Cuffed Beanie,B000KGOHLM,https://www.amazon.com//Carhartt-Mens-Acrylic-Watch-Heather/dp/B000KGOHLM/ref=sr_1_201?dchild=1&keywords=hats&qid=1626715181&sr=8-201
Muryobao Women's Ponytail Sun Hat UV Protection Foldable Mesh Wide Brim Beach Fishing Hat,B07M6VGNHM,https://www.amazon.com//Muryobao-Ponytail-Summer-Fishing-Gardening/dp/B07M6VGNHM/ref=sr_1_202?dchild=1&keywords=hats&qid=1626715181&sr=8-202
adidas Women's Adizero Extra Cap,B00LU1DT88,https://www.amazon.com//adidas-Womens-adiZero-Granite-Heather/dp/B00LU1DT88/ref=sr_1_203?dchild=1&keywords=hats&qid=1626715181&sr=8-203
"San Diego Hat Co. Men's Upf 50 Wide Brim Straw Lifeguard Outback Sun, Natural, One Size",B01DAD5CAQ,https://www.amazon.com//San-Diego-Hat-Lifeguard-Outback/dp/B01DAD5CAQ/ref=sr_1_204?dchild=1&keywords=hats&qid=1626715181&sr=8-204
Roxy Beautiful Morning Trucker Hat,B086MP1WXT,https://www.amazon.com//Roxy-womens-Beautiful-Morning-Trucker/dp/B086MP1WXT/ref=sr_1_205?dchild=1&keywords=hats&qid=1626715181&sr=8-205
ARIAT Mexico Text Trucker Hat,B089DNR92G,https://www.amazon.com//ARIAT-Mexico-Text-Trucker-Hat/dp/B089DNR92G/ref=sr_1_206?dchild=1&keywords=hats&qid=1626715181&sr=8-206
adidas Men's Riot Snapback Flat Brim Cap,B00LU1CWJK,https://www.amazon.com//adidas-Snapback-Bright-Collegiate-Orange/dp/B00LU1CWJK/ref=sr_1_207?dchild=1&keywords=hats&qid=1626715181&sr=8-207
"OZERO Winter Beanie Daily Hat, Thermal Polar Fleece Ski Stocking Skull Cap for Men and Women",B07H32RQSK,https://www.amazon.com//OZERO-Winter-Beanie-Fleece-Stocking/dp/B07H32RQSK/ref=sr_1_208?dchild=1&keywords=hats&qid=1626715181&sr=8-208
Steve Madden Women's Fedora,B08147KBZY,https://www.amazon.com//Steve-Madden-Womens-Fedora-Leopard/dp/B08147KBZY/ref=sr_1_209?dchild=1&keywords=hats&qid=1626715181&sr=8-209
Brixton Fiddler Cap,B08462DZ4B,https://www.amazon.com//Brixton-Fiddler-Cap-Black-XS/dp/B08462DZ4B/ref=sr_1_210?dchild=1&keywords=hats&qid=1626715181&sr=8-210
adidas Men's Victory 3 Bucket Hat,B07RMBY4BL,https://www.amazon.com//adidas-Mens-Victory-Bucket-Black/dp/B07RMBY4BL/ref=sr_1_211?dchild=1&keywords=hats&qid=1626715181&sr=8-211
adidas Women's Superlite Trainer Relaxed Adjustable Performance Cap,B07RMBXPFY,https://www.amazon.com//adidas-Womens-Superlite-Trainer-White/dp/B07RMBXPFY/ref=sr_1_212?dchild=1&keywords=hats&qid=1626715181&sr=8-212
Under Armour Men's Printed Blitzing 3.0 Stretch Fit Cap,B07PXTS8K6,https://www.amazon.com//Under-Armour-Printed-Blitzing-Stretch/dp/B07PXTS8K6/ref=sr_1_213?dchild=1&keywords=hats&qid=1626715181&sr=8-213
John Deere Farm State Pride Mesh Back Trucker Hat,B07PDZTHP3,https://www.amazon.com//John-Deere-State-Cap-Green-Yellow-Florida/dp/B07PDZTHP3/ref=sr_1_214?dchild=1&keywords=hats&qid=1626715181&sr=8-214
"Vineyard Vines Men's Classic Whale Logo Baseball Hat, Light Blue, ONE Size",B084LLWSL6,https://www.amazon.com//Vineyard-Vines-Classic-Whale-Baseball/dp/B084LLWSL6/ref=sr_1_215?dchild=1&keywords=hats&qid=1626715181&sr=8-215
RVCA Men's Va Logo Patch Snapback Hat,B07L6CGJF2,https://www.amazon.com//RVCA-Mens-Patch-Snapback-Black/dp/B07L6CGJF2/ref=sr_1_216?dchild=1&keywords=hats&qid=1626715181&sr=8-216
Under Armour Men's Blitzing Trucker,B08NWHFR5W,https://www.amazon.com//Under-Armour-Blitzing-Trucker-Black/dp/B08NWHFR5W/ref=sr_1_217?dchild=1&keywords=hats&qid=1626715181&sr=8-217
"Concept One Disney's Pixar Monsters University Cotton Adjustable Baseball Hat with Curved Brim, Blue, One Size",B07RLRFJXL,https://www.amazon.com//Disney-Monsters-University-Adjustable-Snapback/dp/B07RLRFJXL/ref=sr_1_218?dchild=1&keywords=hats&qid=1626715181&sr=8-218
Columbia Women's Silver Ridge Ball Cap,B0034OE726,https://www.amazon.com//Columbia-Womens-Titanium-Silver-Ridge/dp/B0034OE726/ref=sr_1_219?dchild=1&keywords=hats&qid=1626715181&sr=8-219
ARIAT Women's Lace Logo Cap,B00OSXMT18,https://www.amazon.com//Ariat-Accessories-Womens-Lace-Brown/dp/B00OSXMT18/ref=sr_1_220?dchild=1&keywords=hats&qid=1626715181&sr=8-220
Binske Baseball Cap - Adjustable Dad Hat for Men or Women,B08D3Y4VMW,https://www.amazon.com//gp/slredirect/picassoRedirect.html/ref=pa_sp_mtf_aps_sr_pg5_1?ie=UTF8&adId=A036596632JR8Z1Y34LRV&url=%2FBinske-Baseball-Cap-Adjustable-Women%2Fdp%2FB08D3Y4VMW%2Fref%3Dsr_1_221_sspa%3Fdchild%3D1%26keywords%3Dhats%26qid%3D1626715181%26sr%3D8-221-spons%26psc%3D1&qualifier=1626715181&id=4596222771205517&widgetName=sp_mtf
8 Panel/Newsboy Gatsby Apple Full Round Cabbie Hat/Fiddler Cap for Men Women,B08J2QWFY7,https://www.amazon.com//gp/slredirect/picassoRedirect.html/ref=pa_sp_mtf_aps_sr_pg5_1?ie=UTF8&adId=A016987714ES27I8L20BD&url=%2FFiddler-Comfort-Elastic-Vintage-Classic%2Fdp%2FB08J2QWFY7%2Fref%3Dsr_1_222_sspa%3Fdchild%3D1%26keywords%3Dhats%26qid%3D1626715181%26sr%3D8-222-spons%26psc%3D1&qualifier=1626715181&id=4596222771205517&widgetName=sp_mtf
Canada Daddy Hat Canada Maple Leaf Cap Logo Embroidery Unisex Adult Red Baseball Cap,B0932TWMY9,https://www.amazon.com//gp/slredirect/picassoRedirect.html/ref=pa_sp_mtf_aps_sr_pg5_1?ie=UTF8&adId=A065126448H2TBBISNI0&url=%2FCanada-Daddy-Embroidery-Unisex-Baseball%2Fdp%2FB0932TWMY9%2Fref%3Dsr_1_223_sspa%3Fdchild%3D1%26keywords%3Dhats%26qid%3D1626715181%26sr%3D8-223-spons%26psc%3D1&qualifier=1626715181&id=4596222771205517&widgetName=sp_mtf
Nike Women's Featherlight Running Cap,B004UYE4MC,https://www.amazon.com//NIKE-Womens-AeroBill-Featherlight-Tennis/dp/B004UYE4MC/ref=sr_1_224?dchild=1&keywords=hats&qid=1626715181&sr=8-224
Nike Golf - Swoosh Front Cap,B01EIGQ6AE,https://www.amazon.com//Nike-Golf-Swoosh-Front-333114/dp/B01EIGQ6AE/ref=sr_1_225?dchild=1&keywords=hats&qid=1626715181&sr=8-225
Lack of Color Women's Western Wide Palma Summer Hat,B07NBJ64BJ,https://www.amazon.com//Lack-Color-Western-Natural-X-Large/dp/B07NBJ64BJ/ref=sr_1_226?dchild=1&keywords=hats&qid=1626715181&sr=8-226
adidas Men's Pennant Snapback Cap,B008THOU7K,https://www.amazon.com//adidas-Pennant-Snapback-Graphite-Black/dp/B008THOU7K/ref=sr_1_227?dchild=1&keywords=hats&qid=1626715181&sr=8-227
Ariat Men's Solid Black Corner Brand,B01EU1L8VY,https://www.amazon.com//Ariat-Solid-Corner-Brand-Black/dp/B01EU1L8VY/ref=sr_1_228?dchild=1&keywords=hats&qid=1626715181&sr=8-228
Coolibar UPF 50+ Women's Brighton Chlorine Resistant Bucket Hat - Sun Protective,B07NBXGD31,https://www.amazon.com//Coolibar-Womens-Chlorine-Resistant-Bucket/dp/B07NBXGD31/ref=sr_1_229?dchild=1&keywords=hats&qid=1626715181&sr=8-229
San Diego Hat Company womens Ombre Paper Floppy,B007BQH8P6,https://www.amazon.com//San-Diego-Hat-Womens-UBLX106OSCML/dp/B007BQH8P6/ref=sr_1_230?dchild=1&keywords=hats&qid=1626715181&sr=8-230
Brixton Men's Crest C Mp Snbk,B083FL69CW,https://www.amazon.com//Brixton-Mens-Crest-SNBK-Black/dp/B083FL69CW/ref=sr_1_231?dchild=1&keywords=hats&qid=1626715181&sr=8-231
"Richardson Unisex 112 Trucker Adjustable Snapback Baseball Cap, Split Black/Charcoal, One Size Fits Most",B00HLFHWKS,https://www.amazon.com//Richardson-Adult-Unisex-Mesh-Adjustable/dp/B00HLFHWKS/ref=sr_1_232?dchild=1&keywords=hats&qid=1626715181&sr=8-232
Fender Paramount Series Logo Hat,B074MQWPMD,https://www.amazon.com//Fender-Paramount-Logo-Hat-Size/dp/B074MQWPMD/ref=sr_1_233?dchild=1&keywords=hats&qid=1626715181&sr=8-233
"Ouray Sportswear Digital Camo Cap, Digital Grey/Sand, Adjustable",B07D2WNGFR,https://www.amazon.com//Ouray-Sportswear-Digital-Camo-Adjustable/dp/B07D2WNGFR/ref=sr_1_234?dchild=1&keywords=hats&qid=1626715181&sr=8-234
Columbia unisex-adult Mesh Ballcap,B07F22LZKM,https://www.amazon.com//Columbia-Ballcap-Titanium-Color-X-Large/dp/B07F22LZKM/ref=sr_1_235?dchild=1&keywords=hats&qid=1626715181&sr=8-235
Simplicity Women's Wide Brim Straw Sun Hat with Lanyard UPF Summer Sun Hats for Women,B08B664RVN,https://www.amazon.com//Women-Straw-Panama-Fedora-Light/dp/B08B664RVN/ref=sr_1_236?dchild=1&keywords=hats&qid=1626715181&sr=8-236
"San Diego Hat Company Women’s Braided Sun Hat With Self-Tie Band, 5-Inch Brim",B015ZNPHX6,https://www.amazon.com//San-Diego-Hat-Company-Womens/dp/B015ZNPHX6/ref=sr_1_237?dchild=1&keywords=hats&qid=1626715181&sr=8-237
Port Authority Adjustable Mesh Back Cap (C911),B00TSNZC12,https://www.amazon.com//Port-Authority-Mens-Adjustable-Green/dp/B00TSNZC12/ref=sr_1_238?dchild=1&keywords=hats&qid=1626715181&sr=8-238
"Hairbrella Women’s Rain Hat, Waterproof, Sun Protection, Satin-Lined, Packable",B072FSF34Y,https://www.amazon.com//Womens-Waterproof-Coverage-Protective-Collapsible/dp/B072FSF34Y/ref=sr_1_239?dchild=1&keywords=hats&qid=1626715181&sr=8-239
John Deere NCAA mens Waxed Canvas Embroidery,B0045EFNW2,https://www.amazon.com//John-Deere-Embroidered-Logo-Baseball/dp/B0045EFNW2/ref=sr_1_240?dchild=1&keywords=hats&qid=1626715181&sr=8-240
Nike Women's L91 Cap Tech,B073GZ13C7,https://www.amazon.com//NIKE-Tech-Wolf-Anthracite-Black/dp/B073GZ13C7/ref=sr_1_241?dchild=1&keywords=hats&qid=1626715181&sr=8-241
Psycho Bunny Men's Sunbleached Cap,B0799PDKXW,https://www.amazon.com//Psycho-Bunny-Mens-Sunbleached-Black/dp/B0799PDKXW/ref=sr_1_242?dchild=1&keywords=hats&qid=1626715181&sr=8-242
Columbia Women's PHG Mesh Ball Cap,B01N6IY9UR,https://www.amazon.com//Columbia-Unisex-Mountain-Small-Medium/dp/B01N6IY9UR/ref=sr_1_243?dchild=1&keywords=hats&qid=1626715181&sr=8-243
Hurley Men's Standard M Natural 2.0 Trucker Hat,B07V39MDSD,https://www.amazon.com//Hurley-Mens-Natural-Trucker-Cool/dp/B07V39MDSD/ref=sr_1_244?dchild=1&keywords=hats&qid=1626715181&sr=8-244
Costa Del Mar Marlin Trucker Hat,B0072ICU6A,https://www.amazon.com//Costa-Del-Mar-Trucker-X-Large/dp/B0072ICU6A/ref=sr_1_245?dchild=1&keywords=hats&qid=1626715181&sr=8-245
Nike Womens Futura Classic H86 Hat,B0195LYPF0,https://www.amazon.com//Nike-Womens-Futura-Classic-H86/dp/B0195LYPF0/ref=sr_1_246?dchild=1&keywords=hats&qid=1626715181&sr=8-246
"adidas Women's Adizero II Cap, Tribe Purple/White/Glow, One Size",B00DEJLYKY,https://www.amazon.com//adidas-Womens-Adizero-Tribe-Purple/dp/B00DEJLYKY/ref=sr_1_247?dchild=1&keywords=hats&qid=1626715181&sr=8-247
"AOSMI 3 Pack Vintage Washed Cotton Adjustable Baseball Caps Men and Women, Unstructured Low Profile Plain Classic Dad Hat",B08SQX2R11,https://www.amazon.com//gp/slredirect/picassoRedirect.html/ref=pa_sp_btf_aps_sr_pg5_1?ie=UTF8&adId=A08484993VAQX3ZKKJTQ6&url=%2FVintage-Baseball-Adjustable-Unstructured-Profile%2Fdp%2FB08SQX2R11%2Fref%3Dsr_1_248_sspa%3Fdchild%3D1%26keywords%3Dhats%26qid%3D1626715181%26sr%3D8-248-spons%26psc%3D1&qualifier=1626715181&id=4596222771205517&widgetName=sp_btf
Grundéns Script Trucker Hat,B07X6JVVD3,https://www.amazon.com//gp/slredirect/picassoRedirect.html/ref=pa_sp_btf_aps_sr_pg5_1?ie=UTF8&adId=A021836021ONKL9199IXU&url=%2FGrund%25C3%25A9ns-Script-Trucker-Hat-Black%2Fdp%2FB07X6JVVD3%2Fref%3Dsr_1_249_sspa%3Fdchild%3D1%26keywords%3Dhats%26qid%3D1626715181%26sr%3D8-249-spons%26psc%3D1%26smid%3DA3UMG32GFS0Y7X&qualifier=1626715181&id=4596222771205517&widgetName=sp_btf
"Sport Gloves，Anti-Press Compression Traning Gloves Non-Slip Joints Pain Relief for Padding to Avoid Calluses for Weight Lifting, Powerlifting & Gym Workouts",B08V578YTB,https://www.amazon.com//gp/slredirect/picassoRedirect.html/ref=pa_sp_atf_next_aps_sr_pg6_1?ie=UTF8&adId=A07276881EGR9NQAPGZ3F&url=%2FGloves%25EF%25BC%258CAnti-Press-Compression-Non-Slip-Calluses-Powerlifting%2Fdp%2FB08V578YTB%2Fref%3Dsr_1_241_sspa%3Fdchild%3D1%26keywords%3Dhats%26qid%3D1626715198%26sr%3D8-241-spons%26psc%3D1&qualifier=1626715198&id=345513535787373&widgetName=sp_atf_next
KOOLSOLY Breathable Wide Brim Boonie Hat Outdoor Waterproof UPF 50+ Sun Protection Mesh Safari Sun hat for Travel Fishing,B07TKTDY2Z,https://www.amazon.com//gp/slredirect/picassoRedirect.html/ref=pa_sp_atf_next_aps_sr_pg6_1?ie=UTF8&adId=A00970882IKYOTM2Z92QG&url=%2FKOOLSOLY-Breathable-Outdoor-Waterproof-Protection%2Fdp%2FB07TKTDY2Z%2Fref%3Dsr_1_242_sspa%3Fdchild%3D1%26keywords%3Dhats%26qid%3D1626715198%26sr%3D8-242-spons%26psc%3D1&qualifier=1626715198&id=345513535787373&widgetName=sp_atf_next
TAKODA Unisex Wool Knit Fleece Lined Beanie Skull Hat,B08HQ4SVRM,https://www.amazon.com//gp/slredirect/picassoRedirect.html/ref=pa_sp_atf_next_aps_sr_pg6_1?ie=UTF8&adId=A05254453HYSY8XWDMY8A&url=%2FTAKODA-Unisex-Fleece-Lined-Beanie%2Fdp%2FB08HQ4SVRM%2Fref%3Dsr_1_243_sspa%3Fdchild%3D1%26keywords%3Dhats%26qid%3D1626715198%26sr%3D8-243-spons%26psc%3D1&qualifier=1626715198&id=345513535787373&widgetName=sp_atf_next
Outdoor Sun Hat with Removable Neck Face Flap Fishing Hat Safari UPF 50+ UV Sun Protection Bucket Cap Mesh Boonie Hat.Momoon,B07VV211F9,https://www.amazon.com//gp/slredirect/picassoRedirect.html/ref=pa_sp_atf_next_aps_sr_pg6_1?ie=UTF8&adId=A00126283V4PKYKJ9KR6N&url=%2FOutdoor-Removable-Fishing-Protection-Hat-Momoon%2Fdp%2FB07VV211F9%2Fref%3Dsr_1_244_sspa%3Fdchild%3D1%26keywords%3Dhats%26qid%3D1626715198%26sr%3D8-244-spons%26psc%3D1&qualifier=1626715198&id=345513535787373&widgetName=sp_atf_next
Calvin Klein Men's Logo Adjustable Cap,B07PVKBHNG,https://www.amazon.com//Calvin-Klein-Adjustable-Black-White/dp/B07PVKBHNG/ref=sr_1_245?dchild=1&keywords=hats&qid=1626715198&sr=8-245
Volcom Men's Quarter Twill Snapback Hat,B00LOUM6UM,https://www.amazon.com//Volcom-Mens-Quarter-Twill-Black/dp/B00LOUM6UM/ref=sr_1_246?dchild=1&keywords=hats&qid=1626715198&sr=8-246
C.C Ponycap Messy High Bun Ponytail Adjustable Glitter Star Distressed Baseball Cap Hat,B07QNLV41M,https://www.amazon.com//C-C-Ponytail-Adjustable-Distressed-Baseball/dp/B07QNLV41M/ref=sr_1_247?dchild=1&keywords=hats&qid=1626715198&sr=8-247
"Rip Curl Men's Paradise Straw Lifeguard Sun Hat, Adjustable Straw Hat for Men",B08ZJ99XCQ,https://www.amazon.com//Rip-Curl-Paradise-Lifeguard-Adjustable/dp/B08ZJ99XCQ/ref=sr_1_248?dchild=1&keywords=hats&qid=1626715198&sr=8-248
prAna Men's Luke Cadet Cap,B008FPZCXM,https://www.amazon.com//prAna-Mens-Luke-Cadet-Size/dp/B008FPZCXM/ref=sr_1_249?dchild=1&keywords=hats&qid=1626715198&sr=8-249
"John Deere HAT Green, Green/Ivory, One Size",B0855BM2Y7,https://www.amazon.com//John-Deere-Green-Ivory-Size/dp/B0855BM2Y7/ref=sr_1_250?dchild=1&keywords=hats&qid=1626715198&sr=8-250
PUMA Women's Evercat #1 Adjustable Cap,B073BYYDTV,https://www.amazon.com//PUMA-Womens-Evercat-Adjustable-Black/dp/B073BYYDTV/ref=sr_1_251?dchild=1&keywords=hats&qid=1626715198&sr=8-251
"Caterpillar Men's Cat Straw Hat, OS",B07N6P6X75,https://www.amazon.com//Caterpillar-Mens-Cat-Straw-Hat/dp/B07N6P6X75/ref=sr_1_252?dchild=1&keywords=hats&qid=1626715198&sr=8-252
pistil Women's Kobie Trucker Hat,B07W22HJWG,https://www.amazon.com//Pistil-Womens-Kobie-Black-Size/dp/B07W22HJWG/ref=sr_1_253?dchild=1&keywords=hats&qid=1626715198&sr=8-253
Lacoste Men's Big Croc Twill Adjustable Leather Strap Hat,B07SRVWGNR,https://www.amazon.com//Lacoste-Twill-Adjustable-Leather-Viennese/dp/B07SRVWGNR/ref=sr_1_254?dchild=1&keywords=hats&qid=1626715198&sr=8-254
ARIAT Offset Logo Glitter Messy Bun Snapback Cap Black Glitter One Size,B07MQ67427,https://www.amazon.com//ARIAT-Womens-Offset-Glitter-Snapback/dp/B07MQ67427/ref=sr_1_255?dchild=1&keywords=hats&qid=1626715198&sr=8-255
Champion Men's Classic Twill Hat,B01NCMMXFV,https://www.amazon.com//Champion-Mens-Classic-Twill-Black/dp/B01NCMMXFV/ref=sr_1_256?dchild=1&keywords=hats&qid=1626715198&sr=8-256
boderier Sun Hats for Women Summer Casual Wide Brim Cotton Bucket Hat Beach Vacation Travel Accessories,B07QH587ZV,https://www.amazon.com//boderier-Summer-Casual-Vacation-Accessories/dp/B07QH587ZV/ref=sr_1_257?dchild=1&keywords=hats&qid=1626715198&sr=8-257
"Tilley Endurables LTM3 Airflo Hat,Natural/Green,7.625",B000E9C10Y,https://www.amazon.com//Tilley-Endurables-LTM3-Airflo-Natural/dp/B000E9C10Y/ref=sr_1_258?dchild=1&keywords=hats&qid=1626715198&sr=8-258
"ARIAT Women's Serape Cactus Mesh Snap Cap, White/Blue, One Size",B076H5W8VY,https://www.amazon.com//ARIAT-Womens-Serape-Cactus-White/dp/B076H5W8VY/ref=sr_1_259?dchild=1&keywords=hats&qid=1626715198&sr=8-259
Flexfit Ultrafibre Airmesh Fitted Cap,B073DXLPRY,https://www.amazon.com//Flexfit-Ultrafibre-Airmesh-Fitted-Black/dp/B073DXLPRY/ref=sr_1_260?dchild=1&keywords=hats&qid=1626715198&sr=8-260
adidas Men's Superlite Relaxed Adjustable Performance Cap,B0883MB3LV,https://www.amazon.com//adidas-Superlite-Adjustable-Performance-Reflective/dp/B0883MB3LV/ref=sr_1_261?dchild=1&keywords=hats&qid=1626715198&sr=8-261
Roxy Women's Dear Believer Logo Cap,B07PPR1YTW,https://www.amazon.com//Roxy-Juniors-Dear-Believer-Anthracite/dp/B07PPR1YTW/ref=sr_1_262?dchild=1&keywords=hats&qid=1626715198&sr=8-262
ARIAT Men's Navy Center Logo,B01KMLAIOE,https://www.amazon.com//Ariat-Mens-Navy-Center-Logo/dp/B01KMLAIOE/ref=sr_1_263?dchild=1&keywords=hats&qid=1626715198&sr=8-263
Under Armour Men's Jordan Spieth Washed Cotton Cap,B07JQHJ99F,https://www.amazon.com//Under-Armour-Jordan-Spieth-Washed/dp/B07JQHJ99F/ref=sr_1_264?dchild=1&keywords=hats&qid=1626715198&sr=8-264
Under Armour womens Play Up Cap,B08NWJ3XNZ,https://www.amazon.com//Under-Armour-Womens-Play-White/dp/B08NWJ3XNZ/ref=sr_1_265?dchild=1&keywords=hats&qid=1626715198&sr=8-265
Callaway Golf 2020 Sun Hat,B07YVTLK76,https://www.amazon.com//Callaway-Golf-2020-Sun-Hat/dp/B07YVTLK76/ref=sr_1_266?dchild=1&keywords=hats&qid=1626715198&sr=8-266
San Diego Hat Company Women's Ultrabraid X Large Brim Hat,B0032AMW0G,https://www.amazon.com//San-Diego-Hat-Company-Size/dp/B0032AMW0G/ref=sr_1_267?dchild=1&keywords=hats&qid=1626715198&sr=8-267
Caterpillar Men's Trademark Stretch-Fit Cap,B003WOKZ42,https://www.amazon.com//Caterpillar-Trademark-Stretch-Black-X-Large/dp/B003WOKZ42/ref=sr_1_268?dchild=1&keywords=hats&qid=1626715198&sr=8-268
Home Prefer Men's Vintage Mesh Trucker Hat Outdoor Sport Summer Baseball Cap,B01B32C4T8,https://www.amazon.com//gp/slredirect/picassoRedirect.html/ref=pa_sp_mtf_aps_sr_pg6_1?ie=UTF8&adId=A01540026TA5WJX9M73J&url=%2FHome-Prefer-Adjustable-Snapback-Protection%2Fdp%2FB01B32C4T8%2Fref%3Dsr_1_269_sspa%3Fdchild%3D1%26keywords%3Dhats%26qid%3D1626715198%26sr%3D8-269-spons%26psc%3D1&qualifier=1626715198&id=345513535787373&widgetName=sp_mtf
Outdoor Sun Protection Hat Wide Brim Bucket Hats UV Protection Boonie Hat 56-62cm,B07455YP38,https://www.amazon.com//gp/slredirect/picassoRedirect.html/ref=pa_sp_mtf_aps_sr_pg6_1?ie=UTF8&adId=A00088633FH0V8TIOT6BD&url=%2FYOYEAH-Outdoor-Boonie-Bucket-Fishing%2Fdp%2FB07455YP38%2Fref%3Dsr_1_270_sspa%3Fdchild%3D1%26keywords%3Dhats%26qid%3D1626715198%26sr%3D8-270-spons%26psc%3D1&qualifier=1626715198&id=345513535787373&widgetName=sp_mtf
Reflective Brim Low Profile Solid Plain Baseball Hats Adjustable Blank Ball Cap for Men Women Golf Hat,B08JVBB93L,https://www.amazon.com//gp/slredirect/picassoRedirect.html/ref=pa_sp_mtf_aps_sr_pg6_1?ie=UTF8&adId=A03663402Y70S05JL0PL8&url=%2FReflective-Baseball-Adjustable-Running-Outdoor%2Fdp%2FB08JVBB93L%2Fref%3Dsr_1_271_sspa%3Fdchild%3D1%26keywords%3Dhats%26qid%3D1626715198%26sr%3D8-271-spons%26psc%3D1&qualifier=1626715198&id=345513535787373&widgetName=sp_mtf
Womens Straw Hat Sun Hat for Women Beach Cap Summer Hats UV Protection UPF50+,B0836K5LCS,https://www.amazon.com//Womens-Straw-Floppy-Adjustable-Bowknot/dp/B0836K5LCS/ref=sr_1_272?dchild=1&keywords=hats&qid=1626715198&sr=8-272
Tilley mens Apparel,B000ALZKEU,https://www.amazon.com//Tilley-Hat-Original-snap-up-Natural/dp/B000ALZKEU/ref=sr_1_273?dchild=1&keywords=hats&qid=1626715198&sr=8-273
adidas Originals Men's Trefoil Structured Precurve Cap,B07F5YGC19,https://www.amazon.com//adidas-Originals-Trefoil-Structured-Precurve/dp/B07F5YGC19/ref=sr_1_274?dchild=1&keywords=hats&qid=1626715198&sr=8-274
"Sloggers Women's Wide Brim Braided Sun Hat with Wind Lanyard - Dark Brown - UPF 50+ Maximum Sun Protection, Style 442DB01",B0031YQCTK,https://www.amazon.com//Sloggers-Womens-Wide-Braided-Lanyard/dp/B0031YQCTK/ref=sr_1_275?dchild=1&keywords=hats&qid=1626715198&sr=8-275
adidas mens Superlite Pro Relaxed Adjustable Performance Cap,B076QNSYKL,https://www.amazon.com//adidas-Superlite-Adjustable-Performance-Reflective/dp/B076QNSYKL/ref=sr_1_276?dchild=1&keywords=hats&qid=1626715198&sr=8-276
Hurley Men's Dri-fit Cutback Curved Bill Baseball Hat,B07DRPS8R6,https://www.amazon.com//Hurley-Mens-DriFit-Cutback-Obsidian/dp/B07DRPS8R6/ref=sr_1_277?dchild=1&keywords=hats&qid=1626715198&sr=8-277
ARIAT Men's Oilskin Mesh Hat,B00P3Y27WW,https://www.amazon.com//ARIAT-Mens-Oilskin-Mesh-Brown/dp/B00P3Y27WW/ref=sr_1_278?dchild=1&keywords=hats&qid=1626715198&sr=8-278
John Deere Mens Oilskin,B073C71PCY,https://www.amazon.com//John-Deere-Oilskin-Charcoal-Embroidered/dp/B073C71PCY/ref=sr_1_279?dchild=1&keywords=hats&qid=1626715198&sr=8-279
ARIAT Aztec Logo Ball Cap,B0757HH2BK,https://www.amazon.com//Ariat-Womens-Aztec-Turquoise-Coral/dp/B0757HH2BK/ref=sr_1_280?dchild=1&keywords=hats&qid=1626715198&sr=8-280
"Tilley Endurables T3 Traditional Canvas Hat,Olive,7.625",B000SD2DHM,https://www.amazon.com//Tilley-Endurables-T3-Traditional-Canvas/dp/B000SD2DHM/ref=sr_1_281?dchild=1&keywords=hats&qid=1626715198&sr=8-281
ARIAT Men's Offset Logo Richardson 112 Snapback Cap,B07KYK7HDH,https://www.amazon.com//ARIAT-Offset-Richardson-Snapback-Black/dp/B07KYK7HDH/ref=sr_1_282?dchild=1&keywords=hats&qid=1626715198&sr=8-282
The Hat Depot Unisex Blank Washed Low Profile Cotton Dad Hat Baseball Cap,B01ENQ4HX2,https://www.amazon.com//HAT-DEPOT-Washed-Profile-Baseball/dp/B01ENQ4HX2/ref=sr_1_283?dchild=1&keywords=hats&qid=1626715198&sr=8-283
Quiksilver Men's Outsider Lifeguard Beach Sun Straw Hat,B07WDVZKLL,https://www.amazon.com//Quiksilver-Outsider-Merica-Protection-Natural/dp/B07WDVZKLL/ref=sr_1_284?dchild=1&keywords=hats&qid=1626715198&sr=8-284
Sombriolet Sun Hat,B0026MMWJC,https://www.amazon.com//Outdoor-Research-Sombriolet-Khaki-Large/dp/B0026MMWJC/ref=sr_1_285?dchild=1&keywords=hats&qid=1626715198&sr=8-285
Straw Hat for Women Beach Hats Summer Sun Panama Wide Brim Floppy Fedora Cap UPF50+,B06XSXHP6H,https://www.amazon.com//Anycosy-Panama-Womens-Summer-%EF%BC%88A01-Beige%EF%BC%89/dp/B06XSXHP6H/ref=sr_1_286?dchild=1&keywords=hats&qid=1626715198&sr=8-286
Lanzom Women Lady Retro Wide Brim Floppy Panama Hat Belt Buckle Wool Fedora Hat,B07GW36V35,https://www.amazon.com//Lanzom-Floppy-Panama-Buckle-Fedora/dp/B07GW36V35/ref=sr_1_287?dchild=1&keywords=hats&qid=1626715198&sr=8-287
adidas Men's Marine Stretch Fit Cap,B00LU1CPF6,https://www.amazon.com//adidas-Marine-Stretch-Bright-X-Large/dp/B00LU1CPF6/ref=sr_1_288?dchild=1&keywords=hats&qid=1626715198&sr=8-288
Nike Women's Heritage86 Futura Classic Cap,B07H4BK3PW,https://www.amazon.com//Womens-Futura-Classic-White-Black/dp/B07H4BK3PW/ref=sr_1_289?dchild=1&keywords=hats&qid=1626715198&sr=8-289
RICHARDSON 112 Trucker OSFA Baseball HAT Ball Cap,B08KM1QC1Z,https://www.amazon.com//RICHARDSON-Trucker-OSFA-Baseball-Black/dp/B08KM1QC1Z/ref=sr_1_290?dchild=1&keywords=hats&qid=1626715198&sr=8-290
Columbia Unisex PFG Mesh Stateside Ball Cap,B07DKZWGR4,https://www.amazon.com//Columbia-Stateside-Large-X-Large-Triangle/dp/B07DKZWGR4/ref=sr_1_291?dchild=1&keywords=hats&qid=1626715198&sr=8-291
Under Armour Men's Blank Blitzing Cap,B07J1Z62R3,https://www.amazon.com//Under-Armour-Blank-Blitzing-X-Large/dp/B07J1Z62R3/ref=sr_1_292?dchild=1&keywords=hats&qid=1626715198&sr=8-292
adidas Men's Adizero Crazy Light Baseball Cap,B00DEJIW3Q,https://www.amazon.com//adidas-Adizero-Crazy-Light-Aluminum/dp/B00DEJIW3Q/ref=sr_1_293?dchild=1&keywords=hats&qid=1626715198&sr=8-293
Timberland Men's Baseball Cap,B07KKZLDCR,https://www.amazon.com//Timberland-Mens-Baseball-Picket-Fence/dp/B07KKZLDCR/ref=sr_1_294?dchild=1&keywords=hats&qid=1626715198&sr=8-294
Under Armour Women's Play Up Cap,B07PNRZPVT,https://www.amazon.com//Under-Armour-Play-Black-Hushed/dp/B07PNRZPVT/ref=sr_1_295?dchild=1&keywords=hats&qid=1626715198&sr=8-295
Mifashion Fishing Umbrella Hat Gardening Folding Umbrella Hat HeadwearSun Rain Cap Adjustable Multifunction Outdoor Headwear,B097YG42W6,https://www.amazon.com//gp/slredirect/picassoRedirect.html/ref=pa_sp_btf_aps_sr_pg6_1?ie=UTF8&adId=A08561172DOJYMA1GLBCL&url=%2FUmbrella-hat-for-Golf-Silver-Camouflage%2Fdp%2FB097YG42W6%2Fref%3Dsr_1_296_sspa%3Fdchild%3D1%26keywords%3Dhats%26qid%3D1626715198%26sr%3D8-296-spons%26psc%3D1&qualifier=1626715198&id=345513535787373&widgetName=sp_btf
Scala Women's Crocheted Raffia Hat with Drawstring,B008FZJKPS,https://www.amazon.com//gp/slredirect/picassoRedirect.html/ref=pa_sp_btf_aps_sr_pg6_1?ie=UTF8&adId=A09671053S7I956BF5JIM&url=%2FSCALA-Womens-Crocheted-Raffia-Drawstring%2Fdp%2FB008FZJKPS%2Fref%3Dsr_1_297_sspa%3Fdchild%3D1%26keywords%3Dhats%26qid%3D1626715198%26sr%3D8-297-spons%26psc%3D1&qualifier=1626715198&id=345513535787373&widgetName=sp_btf
"Gonex Fishing Tackle Bag, 1000D Water-Resistant Polyester Material Fishing Bag with 2pcs 3600 Tackle Boxes for Fishing Gear and Equipment",B08TQGXVR4,https://www.amazon.com//gp/slredirect/picassoRedirect.html/ref=pa_sp_atf_next_aps_sr_pg7_1?ie=UTF8&adId=A05817392MN2XG63H93O0&url=%2FGonex-Water-Resistant-Polyester-Material-Equipment%2Fdp%2FB08TQGXVR4%2Fref%3Dsr_1_289_sspa%3Fdchild%3D1%26keywords%3Dhats%26qid%3D1626715207%26sr%3D8-289-spons%26psc%3D1%26smid%3DA9RZYWDAXJT1U&qualifier=1626715207&id=8313955877638030&widgetName=sp_atf_next
EMPISPORTS Thermal Helmet Liner Skull Cap Ears Windproof Protection Warm Cycling Running Skiing Beanie Winter,B08K3JRT57,https://www.amazon.com//gp/slredirect/picassoRedirect.html/ref=pa_sp_atf_next_aps_sr_pg7_1?ie=UTF8&adId=A08088391B8UE5WT7VUO6&url=%2FEMPISPORTS-Thermal-Windproof-Protection-Cycling%2Fdp%2FB08K3JRT57%2Fref%3Dsr_1_290_sspa%3Fdchild%3D1%26keywords%3Dhats%26qid%3D1626715207%26sr%3D8-290-spons%26psc%3D1&qualifier=1626715207&id=8313955877638030&widgetName=sp_atf_next
Yoursport Fit Jaguar Hat 3D Embroidered Baseball Cap Men Women Adjustable Hat Travel Cap,B08F9FN4GK,https://www.amazon.com//gp/slredirect/picassoRedirect.html/ref=pa_sp_atf_next_aps_sr_pg7_1?ie=UTF8&adId=A05780711A9BX8EA5USWD&url=%2FYoursport-Jaguar-Embroidered-Baseball-Adjustable%2Fdp%2FB08F9FN4GK%2Fref%3Dsr_1_291_sspa%3Fdchild%3D1%26keywords%3Dhats%26qid%3D1626715207%26sr%3D8-291-spons%26psc%3D1&qualifier=1626715207&id=8313955877638030&widgetName=sp_atf_next
KOOLSOLY Breathable Wide Brim Boonie Hat Outdoor Waterproof UPF 50+ Sun Protection Mesh Safari Sun hat for Travel Fishing,B07TLVY26C,https://www.amazon.com//gp/slredirect/picassoRedirect.html/ref=pa_sp_atf_next_aps_sr_pg7_1?ie=UTF8&adId=A00967768IMNUZX4ZRJ&url=%2FKOOLSOLY-Breathable-Outdoor-Waterproof-Protection%2Fdp%2FB07TLVY26C%2Fref%3Dsr_1_292_sspa%3Fdchild%3D1%26keywords%3Dhats%26qid%3D1626715207%26sr%3D8-292-spons%26psc%3D1&qualifier=1626715207&id=8313955877638030&widgetName=sp_atf_next
PUMA Evercat Trenton Relaxed Fit Adjustable Cap,B0747H3TF6,https://www.amazon.com//PUMA-Evercat-Trenton-Relaxed-Adjustable/dp/B0747H3TF6/ref=sr_1_293?dchild=1&keywords=hats&qid=1626715207&sr=8-293
Criss Cross Hat Washed Distressed Baseball Cap Ponytail Hat High Messy Bun Ponycap for WomenHigh Messy Bun Ponycap for Women,B07CSNPCSR,https://www.amazon.com//NeuFashion-Ponycap-Ponytail-Adjustable-Baseball/dp/B07CSNPCSR/ref=sr_1_294?dchild=1&keywords=hats&qid=1626715207&sr=8-294
adidas Women's Adizero ll Cap,B008THOYZI,https://www.amazon.com//adidas-Adizero-Relaxed-Adjustable-Performance/dp/B008THOYZI/ref=sr_1_295?dchild=1&keywords=hats&qid=1626715207&sr=8-295
prAna Women's Jaden Trucker Hat,B00IQD6MVO,https://www.amazon.com//prAna-Living-Womens-Jaden-Trucker/dp/B00IQD6MVO/ref=sr_1_296?dchild=1&keywords=hats&qid=1626715207&sr=8-296
John Deere Brand Gambler Black Straw Hat,B0716FT676,https://www.amazon.com//John-Deere-Brand-Black-Straw/dp/B0716FT676/ref=sr_1_297?dchild=1&keywords=hats&qid=1626715207&sr=8-297
Women's Wide Brim Sun Hats Roll-up Foldable Straw Golf Visor Hat,B08QV25Y4V,https://www.amazon.com//Womens-Beach-Foldable-Straw-Brimmed/dp/B08QV25Y4V/ref=sr_1_298?dchild=1&keywords=hats&qid=1626715207&sr=8-298
Tommy Hilfiger Men's Dad Hat Flag Solid Cotton Visor,B077B3XLPF,https://www.amazon.com//Tommy-Hilfiger-Solid-Cotton-Classic/dp/B077B3XLPF/ref=sr_1_299?dchild=1&keywords=hats&qid=1626715207&sr=8-299
Jane Shine Outdoor Sun Hat Bucket Hats for Women Sun Protection Mesh Cap Quick-Dry UPF 50+,B07STV67PL,https://www.amazon.com//Jane-Shine-Outdoor-Quick-Dry-Breathable/dp/B07STV67PL/ref=sr_1_300?dchild=1&keywords=hats&qid=1626715207&sr=8-300
Criss Cross Ponytail Hat Washed Distressed Mesh Womens Baseball Cap Dad Hat Women Trucker Hats Ponytail Hat for Women,B08FR19RND,https://www.amazon.com//Ponytail-Washed-Distressed-Womens-Baseball/dp/B08FR19RND/ref=sr_1_301?dchild=1&keywords=hats&qid=1626715207&sr=8-301
Lisianthus Women Belt Buckle Wool Wide Brim Fedora Hat,B082152X6Q,https://www.amazon.com//Lisianthus-Women-Buckle-Fedora-Oatmeal/dp/B082152X6Q/ref=sr_1_302?dchild=1&keywords=hats&qid=1626715207&sr=8-302
Coolibar UPF 50+ Women's Asymmetrical Clara Sun Hat - Sun Protective,B01MUGDK04,https://www.amazon.com//Coolibar-UPF-Womens-Asymmetrical-Clara/dp/B01MUGDK04/ref=sr_1_303?dchild=1&keywords=hats&qid=1626715207&sr=8-303
Nike Golf Dri-Fit Swoosh Front Cap White/Black,B01KIG8FA2,https://www.amazon.com//Nike-Golf-Dri-Fit-Swoosh-Front/dp/B01KIG8FA2/ref=sr_1_304?dchild=1&keywords=hats&qid=1626715207&sr=8-304
Tilley Endurables LTM6 Airflo Hat,B001GBCXF2,https://www.amazon.com//Tilley-Endurables-LTM6-Airflo-Khaki/dp/B001GBCXF2/ref=sr_1_305?dchild=1&keywords=hats&qid=1626715207&sr=8-305
"San Diego Hat Co. Men's Straw Lifeguard Hat with Adjustabel Chin Cord, Natural/Black, One Size",B01DAD5C7E,https://www.amazon.com//San-Diego-Hat-Lifeguard-Adjustabel/dp/B01DAD5C7E/ref=sr_1_306?dchild=1&keywords=hats&qid=1626715207&sr=8-306
John Deere NCAA mens Vintage Logo Cap,B00JELACCW,https://www.amazon.com//John-Deere-Embroidered-Vintage-Baseball/dp/B00JELACCW/ref=sr_1_307?dchild=1&keywords=hats&qid=1626715207&sr=8-307
"Rip Curl Men's Paradise Straw Lifeguard Sun Hat, Adjustable Straw Hat for Men",B08ZJ99XCQ,https://www.amazon.com//Rip-Curl-Paradise-Lifeguard-Adjustable/dp/B08ZJ99XCQ/ref=sr_1_308?dchild=1&keywords=hats&qid=1626715207&sr=8-308
ARIAT Classic Heather Trucker Hat,B089H22NLJ,https://www.amazon.com//ARIAT-Classic-Heather-Trucker-Hat/dp/B089H22NLJ/ref=sr_1_309?dchild=1&keywords=hats&qid=1626715207&sr=8-309
adidas Men's Closer Stretch Cap,B0072UPR40,https://www.amazon.com//adidas-Closer-Stretch-Collegiate-XX-Large/dp/B0072UPR40/ref=sr_1_310?dchild=1&keywords=hats&qid=1626715207&sr=8-310
Connectyle Outdoor Mesh Sun Hat Wide Brim UV Sun Protection Hat Fishing Hiking Hat,B01DJ8WOAI,https://www.amazon.com//gp/slredirect/picassoRedirect.html/ref=pa_sp_mtf_aps_sr_pg7_1?ie=UTF8&adId=A0802608K94L9I35U2R&url=%2FConnectyle-Outdoor-Protection-Fishing-Gardenig%2Fdp%2FB01DJ8WOAI%2Fref%3Dsr_1_311_sspa%3Fdchild%3D1%26keywords%3Dhats%26qid%3D1626715207%26sr%3D8-311-spons%26psc%3D1&qualifier=1626715207&id=8313955877638030&widgetName=sp_mtf
Levine Hats Co. Men's Casa Blanca Optimo Crown Panama Straw Dress Hat,B01FOK1P4K,https://www.amazon.com//gp/slredirect/picassoRedirect.html/ref=pa_sp_mtf_aps_sr_pg7_1?ie=UTF8&adId=A0292057NLMWH8C9BEIN&url=%2FBlanca-Optimo-Panama-Hat-Natural%2Fdp%2FB01FOK1P4K%2Fref%3Dsr_1_312_sspa%3Fdchild%3D1%26keywords%3Dhats%26qid%3D1626715207%26sr%3D8-312-spons%26psc%3D1%26smid%3DA8V0LCLJ8BSEN&qualifier=1626715207&id=8313955877638030&widgetName=sp_mtf
Lanzom Men Women Fedora Straw Sun Hat Foldable Roll Up Short Brim Trilby Hat Summer Beach Hat,B07Q43JJ6M,https://www.amazon.com//gp/slredirect/picassoRedirect.html/ref=pa_sp_mtf_aps_sr_pg7_1?ie=UTF8&adId=A05630712KMH7P5YUDJCV&url=%2FLanzom-Summer-Foldable-Fedora-Beige%2Fdp%2FB07Q43JJ6M%2Fref%3Dsr_1_313_sspa%3Fdchild%3D1%26keywords%3Dhats%26qid%3D1626715207%26sr%3D8-313-spons%26psc%3D1&qualifier=1626715207&id=8313955877638030&widgetName=sp_mtf
Funny Party Hats Pith Hat – Pith Hat Helmet – Safari Hats – Adult Costume Hats – French Pith Hat Beige,B0057926LU,https://www.amazon.com//gp/slredirect/picassoRedirect.html/ref=pa_sp_btf_aps_sr_pg7_1?ie=UTF8&adId=A03299403M8NZ52RZDGEN&url=%2FFunny-Party-Hats-Pith-Hat%2Fdp%2FB0057926LU%2Fref%3Dsr_1_314_sspa%3Fdchild%3D1%26keywords%3Dhats%26qid%3D1626715207%26sr%3D8-314-spons%26psc%3D1&qualifier=1626715207&id=8313955877638030&widgetName=sp_btf
Gold Square & Compass Embroidered Masonic Brushed Twill Unstructured Hat,B07GHDB27C,https://www.amazon.com//gp/slredirect/picassoRedirect.html/ref=pa_sp_btf_aps_sr_pg7_1?ie=UTF8&adId=A0932318MWHG04N6WJ0U&url=%2FEmbroidered-Twill-Masonic-Baseball-Hat%2Fdp%2FB07GHDB27C%2Fref%3Dsr_1_315_sspa%3Fdchild%3D1%26keywords%3Dhats%26qid%3D1626715207%26sr%3D8-315-spons%26psc%3D1%26smid%3DA3NWITKXYU1RBJ&qualifier=1626715207&id=8313955877638030&widgetName=sp_btf
